/* Data for the 'usr.t001' table  (Records 1 - 1) */

INSERT INTO usr.t001 ("usrnm", "pwdhsh", "actv")
VALUES 
  (E'dba', E'e076b520fa688ac2b7d0815613ef2d0c5ef26445', True);

/* Data for the 'lc.t001ar05' table  (Records 1 - 6) */

INSERT INTO lc.t001ar05 ("num3", "al3", "al2", "num3m49", "num3iso", "al3iso", "al2iso", "gnmid", "marc", "actv")
VALUES 
  (E'002', E'FFF', E'FF', True, False, False, False, 6255146, E'f', True),
  (E'009', E'UUU', E'UU', True, False, False, False, 6255151, E'po', True),
  (E'010', E'ATA', E'AQ', True, True, True, True, 6255152, E't', True),
  (E'019', E'AME', E'AA', True, False, False, False, 10861432, NULL, True),
  (E'142', E'ABB', E'AB', True, False, False, False, 6255147, E'a', True),
  (E'150', E'EEE', E'EB', True, False, False, False, 6255148, E'e', True);

/* Data for the 'lc.t001ar09' table  (Records 1 - 16) */

INSERT INTO lc.t001ar09 ("num3", "al3", "al2", "num3spr", "num3m49", "num3iso", "al3iso", "al2iso", "gnmid", "marc", "actv")
VALUES 
  (E'003', E'NNN', E'NN', E'019', True, False, False, False, 6255149, E'n', True),
  (E'015', E'NFF', E'NK', E'002', True, False, False, False, 7729887, E'ff', True),
  (E'030', E'ABH', E'AH', E'142', True, False, False, False, 7729894, E'ae', True),
  (E'035', E'ABJ', E'AJ', E'142', True, False, False, False, 7729896, E'as', True),
  (E'039', E'SER', E'SP', E'150', True, False, False, False, 9408658, E'es', True),
  (E'053', E'ANZ', E'AY', E'009', True, False, False, False, 7729898, E'u', True),
  (E'054', E'UML', E'UL', E'009', True, False, False, False, 7729899, E'pome', True),
  (E'057', E'UMC', E'UC', E'009', True, False, False, False, 7729900, E'pott', True),
  (E'061', E'UPL', E'UP', E'009', True, False, False, False, 7729901, E'pops', True),
  (E'062', E'ABV', E'AV', E'142', True, False, False, False, NULL, NULL, True),
  (E'145', E'ABK', E'AK', E'142', True, False, False, False, 7729897, NULL, True),
  (E'151', E'EER', E'ED', E'150', True, False, False, False, 7729884, E'ee', True),
  (E'154', E'NEE', E'ND', E'150', True, False, False, False, 7729883, E'en', True),
  (E'155', E'WEE', E'WE', E'150', True, False, False, False, 9408659, E'ew', True),
  (E'202', E'SSA', E'SQ', E'002', True, False, False, False, 12212804, E'fb', True),
  (E'419', E'LAC', E'LN', E'019', True, False, False, False, 7730009, E'cl', True);

/* Data for the 'lc.t001ar11' table  (Records 1 - 11) */

INSERT INTO lc.t001ar11 ("num3", "al3", "al2", "num3spr", "num3m49", "num3iso", "al3iso", "al2iso", "gnmid", "marc", "actv")
VALUES 
  (E'005', E'SRR', E'SW', E'419', True, False, False, False, 6255150, E's', True),
  (E'011', E'WFF', E'WQ', E'202', True, False, False, False, 7729885, E'fw', True),
  (E'013', E'CAA', E'CE', E'419', True, False, False, False, 7729892, E'nc', True),
  (E'014', E'EFF', E'EK', E'202', True, False, False, False, 7729889, E'fe', True),
  (E'017', E'MFF', E'MJ', E'202', True, False, False, False, 7729886, E'fc', True),
  (E'018', E'SFF', E'ZF', E'202', True, False, False, False, 9406051, E'fs', True),
  (E'021', E'NNM', E'NM', E'003', True, False, False, False, 7729890, E'n', True),
  (E'029', E'CRB', E'CB', E'419', True, False, False, False, 7729891, E'cc', True),
  (E'034', E'ADA', E'DA', E'062', True, False, False, False, 7729895, E'az', True),
  (E'143', E'ADS', E'DS', E'062', True, False, False, False, 7729893, E'ac', True),
  (E'830', E'IMC', E'IA', E'154', True, False, False, False, 3042400, NULL, True);

/* Data for the 'lc.t001ar15' table  (Records 1 - 138) */

INSERT INTO lc.t001ar15 ("num3", "al3", "al2", "num3spr", "num3m49", "num3iso", "al3iso", "al2iso", "gnmid", "marc", "itu", "wmo", "edgar", "ioc", "fifa", "tld", "actv")
VALUES 
  (E'008', E'ALB', E'AL', E'039', True, True, True, True, 783754, E'aa', E'ALB', E'AB', E'B3', E'ALB', E'ALB', E'.al', True),
  (E'012', E'DZA', E'DZ', E'015', True, True, True, True, 2589581, E'ae', E'ALG', E'AL', E'B4', E'ALG', E'ALG', E'.dz', True),
  (E'016', E'ASM', E'AS', E'061', True, True, True, True, 5880801, E'as', E'SMA', NULL, E'B5', E'ASA', E'ASA', E'.as', True),
  (E'020', E'AND', E'AD', E'039', True, True, True, True, 3041565, E'an', E'AND', NULL, E'B6', E'AND', E'AND', E'.ad', True),
  (E'031', E'AZE', E'AZ', E'145', True, True, True, True, 587116, E'aj', E'AZE', E'AJ', E'1D', E'AZE', E'AZE', E'.az', True),
  (E'036', E'AUS', E'AU', E'053', True, True, True, True, 2077456, E'at', E'AUS', E'AU', E'C3', E'AUS', E'AUS', E'.au', True),
  (E'040', E'AUT', E'AT', E'155', True, True, True, True, 2782113, E'au', E'AUT', E'OS', E'C4', E'AUT', E'AUT', E'.at', True),
  (E'048', E'BHR', E'BH', E'145', True, True, True, True, 290291, E'ba', E'BHR', E'BN', E'C6', E'BRN', E'BHR', E'.bh', True),
  (E'051', E'ARM', E'AM', E'145', True, True, True, True, 174982, E'ai', E'ARM', E'AY', E'1B', E'ARM', E'ARM', E'.am', True),
  (E'056', E'BEL', E'BE', E'155', True, True, True, True, 2802361, E'be', E'BEL', E'BX', E'C9', E'BEL', E'BEL', E'.be', True),
  (E'070', E'BIH', E'BA', E'039', True, True, True, True, 3277605, E'bn', E'BIH', E'BG', E'1E', E'BIH', E'BIH', E'.ba', True),
  (E'090', E'SLB', E'SB', E'054', True, True, True, True, 2103350, E'bp', E'SLM', E'SO', E'D7', E'SOL', E'SOL', E'.sb', True),
  (E'096', E'BRN', E'BN', E'035', True, True, True, True, 1820814, E'bx', E'BRU', E'BD', E'D9', E'BRU', E'BRU', E'.bn', True),
  (E'100', E'BGR', E'BG', E'151', True, True, True, True, 732800, E'bu', E'BUL', E'BU', E'E0', E'BUL', E'BUL', E'.bg', True),
  (E'104', E'MMR', E'MM', E'035', True, True, True, True, 1327865, E'br', E'MYA', E'BM', E'E1', E'MYA', E'MYA', E'.mm', True),
  (E'112', E'BLR', E'BY', E'151', True, True, True, True, 630336, E'bw', E'BLR', E'BY', E'1F', E'BLR', E'BLR', E'.by', True),
  (E'116', E'KHM', E'KH', E'035', True, True, True, True, 1831722, E'cb', E'CBG', E'KP', E'E3', E'CAM', E'CAM', E'.kh', True),
  (E'128', E'CTE', E'CT', E'057', True, True, True, True, 7521592, NULL, NULL, NULL, NULL, NULL, NULL, NULL, False),
  (E'156', E'CHN', E'CN', E'030', True, True, True, True, 1814991, E'cc', E'CHN', E'CI', E'F4', E'CHN', E'CHN', E'.cn', True),
  (E'158', E'TWN', E'TW', E'030', False, True, True, True, 1668284, E'ch', NULL, NULL, E'F5', E'TPE', E'TPE', E'.tw', True),
  (E'162', E'CXR', E'CX', E'053', True, True, True, True, 2078138, E'xa', E'CHR', E'KI', E'F6', NULL, E'CXR', E'.cx', True),
  (E'166', E'CCK', E'CC', E'053', True, True, True, True, 1547376, E'xb', E'ICO', E'KK', E'F7', NULL, E'CCK', E'.cc', True),
  (E'184', E'COK', E'CK', E'061', True, True, True, True, 1899402, E'cw', E'CKH', E'KU', E'G1', E'COK', E'COK', E'.ck', True),
  (E'191', E'HRV', E'HR', E'039', True, True, True, True, 3202326, E'ci', E'HRV', E'RH', E'1M', E'CRO', E'CRO', E'.hr', True),
  (E'196', E'CYP', E'CY', E'145', True, True, True, True, 146669, E'cy', E'CYP', E'CY', E'G4', E'CYP', E'CYP', E'.cy', True),
  (E'200', E'CSK', E'CS', E'151', True, True, True, True, 8505031, NULL, NULL, NULL, NULL, NULL, NULL, NULL, False),
  (E'203', E'CZE', E'CZ', E'151', True, True, True, True, 3077311, E'xr', E'CZE', E'CZ', E'2N', E'CZE', E'CZE', E'.cz', True),
  (E'208', E'DNK', E'DK', E'154', True, True, True, True, 2623032, E'dk', E'DNK', E'DN', E'G7', E'DEN', E'DEN', E'.dk', True),
  (E'233', E'EST', E'EE', E'154', True, True, True, True, 453733, E'er', E'EST', E'EO', E'1H', E'EST', E'EST', E'.ee', True),
  (E'234', E'FRO', E'FO', E'154', True, True, True, True, 2622320, E'fa', E'FRO', E'FA', E'H6', E'FAR', E'FRO', E'.fo', True),
  (E'242', E'FJI', E'FJ', E'054', True, True, True, True, 2205218, E'fj', E'FJI', E'FJ', E'H8', E'FIJ', E'FIJ', E'.fj', True),
  (E'246', E'FIN', E'FI', E'154', True, True, True, True, 660013, E'fi', E'FIN', E'FI', E'H9', E'FIN', E'FIN', E'.fi', True),
  (E'248', E'ALA', E'AX', E'154', True, True, True, True, 661882, NULL, NULL, NULL, E'Y6', NULL, E'ALD', E'.ax', True),
  (E'250', E'FRA', E'FR', E'155', True, True, True, True, 3017382, E'fr', E'F', E'FR', E'I0', E'FRA', E'FRA', E'.fr', True),
  (E'258', E'PYF', E'PF', E'061', True, True, True, True, 4030656, E'fp', E'OCE', E'PF', E'I4', E'FPO', E'TAH', E'.pf', True),
  (E'268', E'GEO', E'GE', E'145', True, True, True, True, 614540, E'gs', E'GEO', E'GG', E'2Q', E'GEO', E'GEO', E'.ge', True),
  (E'274', E'GZS', E'GZ', E'145', True, False, False, False, 281132, NULL, NULL, NULL, NULL, NULL, NULL, NULL, False),
  (E'275', E'PSE', E'PS', E'145', True, True, True, True, 6254930, NULL, NULL, NULL, E'1X', NULL, NULL, NULL, True),
  (E'276', E'DEU', E'DE', E'155', True, True, True, True, 2921044, E'gw', E'D', E'DL', E'2M', E'GER', E'GER', E'.de', True),
  (E'278', E'DDR', E'DD', E'155', True, True, True, True, 8354410, NULL, NULL, NULL, NULL, NULL, NULL, NULL, False),
  (E'280', E'DEU', E'DE', E'155', True, True, True, True, 11612754, NULL, NULL, NULL, NULL, NULL, NULL, NULL, False),
  (E'292', E'GIB', E'GI', E'039', True, True, True, True, 2411586, E'gi', E'GIB', E'GI', E'J1', E'GIB', E'GBZ', E'.gi', True),
  (E'296', E'KIR', E'KI', E'057', True, True, True, True, 4030945, E'gb', E'KIR', E'KB', E'J2', E'KIR', E'KIR', E'.ki', True),
  (E'300', E'GRC', E'GR', E'039', True, True, True, True, 390903, E'gr', E'GRC', E'GR', E'J3', E'GRE', E'GRE', E'.gr', True),
  (E'316', E'GUM', E'GU', E'057', True, True, True, True, 4043988, E'gu', E'GUM', E'GM', E'GU', E'GUM', E'GUM', E'.gu', True),
  (E'334', E'HMD', E'HM', E'053', True, True, True, True, 1547314, E'hm', NULL, NULL, E'K4', NULL, NULL, E'.hm', True),
  (E'336', E'VAT', E'VA', E'039', True, True, True, True, 3164670, E'vc', E'CVA', NULL, E'X4', NULL, E'VAT', E'.va', True),
  (E'344', E'HKG', E'HK', E'030', True, True, True, True, 1819730, NULL, E'HKG', E'HK', E'K3', E'HKG', E'HKG', E'.hk', True),
  (E'348', E'HUN', E'HU', E'151', True, True, True, True, 719819, E'hu', E'HNG', E'HU', E'K5', E'HUN', E'HUN', E'.hu', True),
  (E'352', E'ISL', E'IS', E'154', True, True, True, True, 2629691, E'ic', E'ISL', E'IL', E'K6', E'ISL', E'ISL', E'.is', True),
  (E'360', E'IDN', E'ID', E'035', True, True, True, True, 1643084, E'io', E'INS', E'ID', E'K8', E'INA', E'IDN', E'.id', True),
  (E'368', E'IRQ', E'IQ', E'145', True, True, True, True, 99237, E'iq', E'IRQ', E'IQ', E'L0', E'IRQ', E'IRQ', E'.iq', True),
  (E'372', E'IRL', E'IE', E'154', True, True, True, True, 2963597, E'ie', E'IRL', E'IE', E'L2', E'IRL', E'IRL', E'.ie', True),
  (E'376', E'ISR', E'IL', E'145', True, True, True, True, 294640, E'is', E'ISR', E'IS', E'L3', E'ISR', E'ISR', E'.il', True),
  (E'380', E'ITA', E'IT', E'039', True, True, True, True, 3175395, E'it', E'I', E'IY', E'L6', E'ITA', E'ITA', E'.it', True),
  (E'392', E'JPN', E'JP', E'030', True, True, True, True, 1861060, E'ja', E'J', E'JP', E'M0', E'JPN', E'JPN', E'.jp', True),
  (E'396', E'JTN', E'JT', E'057', True, True, True, True, 5854931, NULL, NULL, NULL, NULL, NULL, NULL, NULL, False),
  (E'400', E'JOR', E'JO', E'145', True, True, True, True, 248816, E'jo', E'JOR', E'JD', E'M2', E'JOR', E'JOR', E'.jo', True),
  (E'408', E'PRK', E'KP', E'030', True, True, True, True, 1873107, E'kn', E'KRE', E'KR', E'M4', E'PRK', E'PRK', E'.kp', True),
  (E'410', E'KOR', E'KR', E'030', True, True, True, True, 1835841, E'ko', E'KOR', E'KO', E'M5', E'KOR', E'KOR', E'.kr', True),
  (E'414', E'KWT', E'KW', E'145', True, True, True, True, 285570, E'ku', E'KWT', E'KW', E'M6', E'KUW', E'KUW', E'.kw', True),
  (E'418', E'LAO', E'LA', E'035', True, True, True, True, 1655842, E'ls', E'LAO', E'LA', E'M7', E'LAO', E'LAO', E'.la', True),
  (E'422', E'LBN', E'LB', E'145', True, True, True, True, 272103, E'le', E'LBN', E'LB', E'M8', E'LIB', E'LIB', E'.lb', True),
  (E'428', E'LVA', E'LV', E'154', True, True, True, True, 458258, E'lv', E'LVA', E'LV', E'1R', E'LAT', E'LVA', E'.lv', True),
  (E'434', E'LBY', E'LY', E'015', True, True, True, True, 2215636, E'ly', E'LBY', E'LY', E'N1', E'LBA', E'LBY', E'.ly', True),
  (E'438', E'LIE', E'LI', E'155', True, True, True, True, 3042058, E'lh', E'LIE', NULL, E'N2', E'LIE', E'LIE', E'.li', True),
  (E'440', E'LTU', E'LT', E'154', True, True, True, True, 597427, E'li', E'LTU', E'LT', E'1Q', E'LTU', E'LTU', E'.lt', True),
  (E'442', E'LUX', E'LU', E'155', True, True, True, True, 2960313, E'lu', E'LUX', E'BX', E'N4', E'LUX', E'LUX', E'.lu', True),
  (E'446', E'MAC', E'MO', E'030', True, True, True, True, 1821275, NULL, E'MAC', E'MU', E'N5', E'MAC', E'MAC', E'.mo', True),
  (E'458', E'MYS', E'MY', E'035', True, True, True, True, 1733045, E'my', E'MLA', E'MS', E'N8', E'MAS', E'MAS', E'.my', True),
  (E'470', E'MLT', E'MT', E'039', True, True, True, True, 2562770, E'mm', E'MLT', E'ML', E'O1', E'MLT', E'MLT', E'.mt', True),
  (E'488', E'MID', E'MI', E'057', True, True, True, True, 5854943, NULL, NULL, NULL, NULL, NULL, NULL, NULL, False),
  (E'492', E'MCO', E'MC', E'155', True, True, True, True, 2993457, E'mc', E'MCO', NULL, E'O9', E'MON', E'MON', E'.mc', True),
  (E'496', E'MNG', E'MN', E'030', True, True, True, True, 2029969, E'mp', E'MNG', E'MO', E'P0', E'MGL', E'MNG', E'.mn', True),
  (E'498', E'MDA', E'MD', E'151', True, True, True, True, 617790, E'mv', E'MDA', E'RM', E'1S', E'MDA', E'MDA', E'.md', True),
  (E'499', E'MNE', E'ME', E'039', True, True, True, True, 3194884, E'mo', E'MNE', NULL, E'Z5', E'MGO', E'MNE', E'.me', True),
  (E'504', E'MAR', E'MA', E'015', True, True, True, True, 2542007, E'mr', E'MRC', E'MC', E'P2', E'MAR', E'MAR', E'.ma', True),
  (E'512', E'OMN', E'OM', E'145', True, True, True, True, 286963, E'mk', E'OMA', E'OM', E'P4', E'OMA', E'OMA', E'.om', True),
  (E'520', E'NRU', E'NR', E'057', True, True, True, True, 2110425, E'nu', E'NRU', E'NW', E'P5', E'NRU', E'NRU', E'.nr', True),
  (E'528', E'NLD', E'NL', E'155', True, True, True, True, 2750405, E'ne', E'HOL', E'NL', E'P7', E'NED', E'NED', E'.nl', True),
  (E'540', E'NCL', E'NC', E'054', True, True, True, True, 2139685, E'nl', E'NCL', E'NC', E'1W', E'NCD', E'NCL', E'.nc', True),
  (E'548', E'VUT', E'VU', E'054', True, True, True, True, 2134431, E'nn', E'VUT', E'NV', E'2L', E'VAN', E'VAN', E'.vu', True),
  (E'554', E'NZL', E'NZ', E'053', True, True, True, True, 2186224, E'nz', E'NZL', E'NZ', E'Q2', E'NZL', E'NZL', E'.nz', True),
  (E'570', E'NIU', E'NU', E'061', True, True, True, True, 4036232, E'xh', E'NIU', NULL, E'Q6', E'NIU', E'NIU', E'.nu', True),
  (E'574', E'NFK', E'NF', E'053', True, True, True, True, 2155115, E'nx', E'NFK', E'NF', E'Q7', E'NFI', E'NFK', E'.nf', True),
  (E'578', E'NOR', E'NO', E'154', True, True, True, True, 3144096, E'no', E'NOR', E'NO', E'Q8', E'NOR', E'NOR', E'.no', True),
  (E'580', E'MNP', E'MP', E'057', True, True, True, True, 4041468, E'nw', E'MRA', E'MY', E'1V', E'NMA', E'NMI', E'.mp', True),
  (E'581', E'UMI', E'UM', E'057', True, True, True, True, 5854968, NULL, NULL, NULL, E'2J', NULL, NULL, NULL, True),
  (E'582', E'PCI', E'PC', E'057', True, True, True, True, 7670833, NULL, NULL, NULL, NULL, NULL, NULL, NULL, False),
  (E'583', E'FSM', E'FM', E'057', True, True, True, True, 2081918, E'fm', E'FSM', NULL, E'1K', E'FSM', E'FSM', E'.fm', True),
  (E'584', E'MHL', E'MH', E'057', True, True, True, True, 2080185, E'xe', E'MHL', E'MH', E'1T', E'MSH', E'MHL', E'.mh', True),
  (E'585', E'PLW', E'PW', E'057', True, True, True, True, 1559582, E'pw', E'PLW', NULL, E'1Y', E'PLW', E'PLW', E'.pw', True),
  (E'598', E'PNG', E'PG', E'054', True, True, True, True, 2088628, E'pp', E'PNG', E'NG', E'R2', E'PNG', E'PNG', E'.pg', True),
  (E'608', E'PHL', E'PH', E'035', True, True, True, True, 1694008, E'ph', E'PHL', E'PH', E'R6', E'PHI', E'PHI', E'.ph', True),
  (E'612', E'PCN', E'PN', E'061', True, True, True, True, 4030699, E'pc', E'PTC', E'PT', E'R8', NULL, E'PCN', E'.pn', True),
  (E'616', E'POL', E'PL', E'151', True, True, True, True, 798544, E'pl', E'POL', E'PL', E'R9', E'POL', E'POL', E'.pl', True),
  (E'620', E'PRT', E'PT', E'039', True, True, True, True, 2264397, E'po', E'POR', E'PO', E'S1', E'POR', E'POR', E'.pt', True),
  (E'626', E'TLS', E'TL', E'035', True, True, True, True, 1966436, E'em', E'TLS', E'TM', E'Z3', E'TLS', E'TLS', E'.tl', True),
  (E'634', E'QAT', E'QA', E'145', True, True, True, True, 289688, E'qa', E'QAT', E'QT', E'S3', E'QAT', E'QAT', E'.qa', True),
  (E'642', E'ROU', E'RO', E'151', True, True, True, True, 798549, E'rm', E'ROU', E'RO', E'S5', E'ROU', E'ROU', E'.ro', True),
  (E'643', E'RUS', E'RU', E'151', True, True, True, True, 2017370, E'ru', E'RUS', E'RS', E'1Z', E'RUS', E'RUS', E'.ru', True),
  (E'650', E'RKI', E'RK', E'030', True, False, False, False, 1855629, NULL, NULL, NULL, NULL, NULL, NULL, NULL, True),
  (E'674', E'SMR', E'SM', E'039', True, True, True, True, 3168068, E'sm', E'SMR', NULL, E'S8', E'SMR', E'SMR', E'.sm', True),
  (E'682', E'SAU', E'SA', E'145', True, True, True, True, 102358, E'su', E'ARS', E'SD', E'T0', E'KSA', E'KSA', E'.sa', True),
  (E'688', E'SRB', E'RS', E'039', True, True, True, True, 6290252, E'rb', E'SRB', E'YG', E'Z2', E'SRB', E'SRB', E'.rs', True),
  (E'702', E'SGP', E'SG', E'035', True, True, True, True, 1880251, E'si', E'SNG', E'SR', E'U0', E'SIN', E'SIN', E'.sg', True),
  (E'703', E'SVK', E'SK', E'151', True, True, True, True, 3057568, E'xo', E'SVK', E'SQ', E'2B', E'SVK', E'SVK', E'.sk', True),
  (E'704', E'VNM', E'VN', E'035', True, True, True, True, 1562822, E'vm', E'VTN', E'VS', E'Q1', E'VIE', E'VIE', E'.vn', True),
  (E'705', E'SVN', E'SI', E'039', True, True, True, True, 3190538, E'xv', E'SVN', E'LJ', E'2A', E'SLO', E'SVN', E'.si', True),
  (E'720', E'YMD', E'YD', E'145', True, True, True, True, 8505034, NULL, NULL, NULL, NULL, NULL, NULL, NULL, False),
  (E'724', E'ESP', E'ES', E'039', True, True, True, True, 2510769, E'sp', E'E', E'SP', E'U3', E'ESP', E'ESP', E'.es', True),
  (E'729', E'SDN', E'SD', E'015', True, True, True, True, 366755, E'sj', E'SDN', E'SU', E'V2', E'SUD', E'SUD', E'.sd', True),
  (E'732', E'ESH', E'EH', E'015', True, True, True, True, 2461445, E'ss', E'AOE', NULL, E'U5', NULL, E'SAH', E'.eh', True),
  (E'744', E'SJM', E'SJ', E'154', True, True, True, True, 607072, NULL, E'NOR', E'SZ', E'L9', NULL, NULL, E'.sj', True),
  (E'752', E'SWE', E'SE', E'154', True, True, True, True, 2661886, E'sw', E'S', E'SN', E'V7', E'SWE', E'SWE', E'.se', True),
  (E'756', E'CHE', E'CH', E'155', True, True, True, True, 2658434, E'sz', E'SUI', E'SW', E'V8', E'SUI', E'SUI', E'.ch', True),
  (E'760', E'SYR', E'SY', E'145', True, True, True, True, 163843, E'sy', E'SYR', E'SY', E'V9', E'SYR', E'SYR', E'.sy', True),
  (E'764', E'THA', E'TH', E'035', True, True, True, True, 1605651, E'th', E'THA', E'TH', E'W1', E'THA', E'THA', E'.th', True),
  (E'772', E'TKL', E'TK', E'061', True, True, True, True, 4031074, E'tl', E'TKL', E'TK', E'W3', NULL, E'TKL', E'.tk', True),
  (E'776', E'TON', E'TO', E'061', True, True, True, True, 4032283, E'to', E'TON', E'TO', E'W4', E'TGA', E'TGA', E'.to', True),
  (E'784', E'ARE', E'AE', E'145', True, True, True, True, 290557, E'ts', E'UAE', E'ER', E'C0', E'UAE', E'UAE', E'.ae', True),
  (E'788', E'TUN', E'TN', E'015', True, True, True, True, 2464461, E'ti', E'TUN', E'TS', E'W6', E'TUN', E'TUN', E'.tn', True),
  (E'792', E'TUR', E'TR', E'145', True, True, True, True, 298795, E'tu', E'TUR', E'TU', E'W8', E'TUR', E'TUR', E'.tr', True),
  (E'798', E'TUV', E'TV', E'061', True, True, True, True, 2110297, E'tv', E'TUV', E'TV', E'2G', E'TUV', E'TUV', E'.tv', True),
  (E'804', E'UKR', E'UA', E'151', True, True, True, True, 690791, E'un', E'UKR', E'UR', E'2H', E'UKR', E'UKR', E'.ua', True),
  (E'807', E'MKD', E'MK', E'039', True, True, True, True, 718075, E'xn', E'MKD', E'MJ', E'1U', E'MKD', E'MKD', E'.mk', True),
  (E'810', E'SUN', E'SU', E'151', True, True, True, True, 8354411, NULL, NULL, NULL, NULL, NULL, NULL, NULL, False),
  (E'818', E'EGY', E'EG', E'015', True, True, True, True, 357994, E'ua', E'EGY', E'EG', E'H2', E'EGY', E'EGY', E'.eg', True),
  (E'826', E'GBR', E'GB', E'154', True, True, True, True, 2635167, NULL, NULL, NULL, E'X0', NULL, NULL, NULL, True),
  (E'833', E'IMN', E'IM', E'154', True, True, True, True, 3042225, E'uik', NULL, NULL, E'Y8', NULL, E'GBM', E'.im', True),
  (E'849', E'PUS', E'PU', E'057', True, True, True, True, NULL, NULL, NULL, NULL, NULL, NULL, NULL, NULL, False),
  (E'872', E'WAK', E'WK', E'057', True, True, True, True, 4041685, NULL, NULL, NULL, NULL, NULL, NULL, NULL, False),
  (E'876', E'WLF', E'WF', E'061', True, True, True, True, 4034749, E'wf', E'WAL', E'FW', E'X8', E'WAF', E'WLF', E'.wf', True),
  (E'882', E'WSM', E'WS', E'061', True, True, True, True, 4034894, E'ws', E'SMO', E'ZM', E'Y0', E'SAM', E'SAM', E'.ws', True),
  (E'886', E'YAR', E'YA', E'145', True, True, False, False, NULL, NULL, NULL, NULL, NULL, NULL, NULL, NULL, False),
  (E'887', E'YEM', E'YE', E'145', True, True, True, True, 69543, E'ye', E'YEM', E'YE', E'T7', E'YEM', E'YEM', E'.ye', True),
  (E'890', E'YUG', E'YU', E'039', True, True, True, True, 7500737, NULL, NULL, NULL, NULL, NULL, NULL, NULL, False),
  (E'891', E'YUG', E'YU', E'039', True, True, True, True, 8505033, NULL, NULL, NULL, NULL, NULL, NULL, NULL, False);

/* Data for the 'lc.t001ar17' table  (Records 1 - 129) */

INSERT INTO lc.t001ar17 ("num3", "al3", "al2", "num3spr", "num3m49", "num3iso", "al3iso", "al2iso", "gnmid", "marc", "itu", "wmo", "edgar", "ioc", "fifa", "tld", "actv")
VALUES 
  (E'004', E'AFG', E'AF', E'034', True, True, True, True, 1149361, E'af', E'AFG', E'AF', E'B2', E'AFG', E'AFG', E'.af', True),
  (E'024', E'AGO', E'AO', E'017', True, True, True, True, 3351879, E'ao', E'AGL', E'AN', E'B7', E'ANG', E'ANG', E'.ao', True),
  (E'028', E'ATG', E'AG', E'029', True, True, True, True, 3576396, E'aq', E'ATG', E'AT', E'B9', E'ANT', E'ATG', E'.ag', True),
  (E'032', E'ARG', E'AR', E'005', True, True, True, True, 3865483, E'ag', E'ARG', E'AG', E'C1', E'ARG', E'ARG', E'.ar', True),
  (E'044', E'BHS', E'BS', E'029', True, True, True, True, 3572887, E'bf', E'BAH', E'BA', E'C5', E'BAH', E'BAH', E'.bs', True),
  (E'050', E'BGD', E'BD', E'034', True, True, True, True, 1210997, E'bg', E'BGD', E'BW', E'C7', E'BAN', E'BAN', E'.bd', True),
  (E'052', E'BRB', E'BB', E'029', True, True, True, True, 3374084, E'bb', E'BRB', E'BR', E'C8', E'BAR', E'BRB', E'.bb', True),
  (E'060', E'BMU', E'BM', E'021', True, True, True, True, 3573345, E'bm', E'BER', E'BE', E'D0', E'BER', E'BER', E'.bm', True),
  (E'064', E'BTN', E'BT', E'034', True, True, True, True, 1252634, E'bt', E'BTN', NULL, E'D2', E'BHU', E'BHU', E'.bt', True),
  (E'068', E'BOL', E'BO', E'005', True, True, True, True, 3923057, E'bo', E'BOL', E'BO', E'D3', E'BOL', E'BOL', E'.bo', True),
  (E'072', E'BWA', E'BW', E'018', True, True, True, True, 933860, E'bs', E'BOT', E'BC', E'B1', E'BOT', E'BOT', E'.bw', True),
  (E'074', E'BVT', E'BV', E'005', True, True, True, True, 3371123, E'bv', NULL, E'BV', E'D4', NULL, NULL, E'.bv', True),
  (E'076', E'BRA', E'BR', E'005', True, True, True, True, 3469034, E'bl', E'B', E'BZ', E'D5', E'BRA', E'BRA', E'.br', True),
  (E'084', E'BLZ', E'BZ', E'013', True, True, True, True, 3582678, E'bh', E'BLZ', E'BH', E'D1', E'BIZ', E'BLZ', E'.bz', True),
  (E'086', E'IOT', E'IO', E'014', True, True, True, True, 1282588, E'bi', E'BIO', NULL, E'D6', NULL, NULL, E'.io', True),
  (E'092', E'VGB', E'VG', E'029', True, True, True, True, 3577718, E'vb', E'VRG', E'VI', E'D8', E'IVB', E'VGB', E'.vg', True),
  (E'108', E'BDI', E'BI', E'014', True, True, True, True, 433561, E'bd', E'BDI', E'BI', E'E2', E'BDI', E'BDI', E'.bi', True),
  (E'120', E'CMR', E'CM', E'017', True, True, True, True, 2233387, E'cm', E'CME', E'CM', E'E4', E'CMR', E'CMR', E'.cm', True),
  (E'124', E'CAN', E'CA', E'021', True, True, True, True, 6251999, E'xxc', E'CAN', E'CN', E'Z4', E'CAN', E'CAN', E'.ca', True),
  (E'132', E'CPV', E'CV', E'011', True, True, True, True, 3374766, E'cv', E'CPV', E'CV', E'E8', E'CPV', E'CPV', E'.cv', True),
  (E'136', E'CYM', E'KY', E'029', True, True, True, True, 3580718, E'cj', E'CYM', E'GC', E'E9', E'CAY', E'CAY', E'.ky', True),
  (E'140', E'CAF', E'CF', E'017', True, True, True, True, 239880, E'cx', E'CAF', E'CE', E'F0', E'CAF', E'CTA', E'.cf', True),
  (E'144', E'LKA', E'LK', E'034', True, True, True, True, 1227603, E'ce', E'CLN', E'SB', E'F1', E'SRI', E'SRI', E'.lk', True),
  (E'148', E'TCD', E'TD', E'017', True, True, True, True, 2434508, E'cd', E'TCD', E'CD', E'F2', E'CHA', E'CHA', E'.td', True),
  (E'152', E'CHL', E'CL', E'005', True, True, True, True, 3895114, E'cl', E'CHL', E'CH', E'F3', E'CHI', E'CHI', E'.cl', True),
  (E'170', E'COL', E'CO', E'005', True, True, True, True, 3686110, E'ck', E'CLM', E'CO', E'F8', E'COL', E'COL', E'.co', True),
  (E'174', E'COM', E'KM', E'014', True, True, True, True, 921929, E'cq', E'COM', E'IC', E'F9', E'COM', E'COM', E'.km', True),
  (E'175', E'MYT', E'YT', E'014', True, True, True, True, 1024031, E'ot', E'MYT', NULL, E'2P', E'MAY', E'MYT', E'.yt', True),
  (E'178', E'COG', E'CG', E'017', True, True, True, True, 2260494, E'cf', E'COG', E'CG', E'G0', E'CGO', E'CGO', E'.cg', True),
  (E'180', E'COD', E'CD', E'017', True, True, True, True, 203312, E'cg', E'COD', E'ZR', E'Y3', E'COD', E'COD', E'.cd', True),
  (E'188', E'CRI', E'CR', E'013', True, True, True, True, 3624060, E'cr', E'CTR', E'CS', E'G2', E'CRC', E'CRC', E'.cr', True),
  (E'192', E'CUB', E'CU', E'029', True, True, True, True, 3562981, E'cu', E'CUB', E'CU', E'G3', E'CUB', E'CUB', E'.cu', True),
  (E'204', E'BEN', E'BJ', E'011', True, True, True, True, 2395170, E'dm', E'BEN', E'BJ', E'G6', E'BEN', E'BEN', E'.bj', True),
  (E'212', E'DMA', E'DM', E'029', True, True, True, True, 3575830, E'dq', E'DMA', E'DO', E'G9', E'DMA', E'DMA', E'.dm', True),
  (E'214', E'DOM', E'DO', E'029', True, True, True, True, 3508796, E'dr', E'DOM', E'DR', E'G8', E'DOM', E'DOM', E'.do', True),
  (E'218', E'ECU', E'EC', E'005', True, True, True, True, 3658394, E'ec', E'EQA', E'EQ', E'H1', E'ECU', E'ECU', E'.ec', True),
  (E'222', E'SLV', E'SV', E'013', True, True, True, True, 3585968, E'es', E'SLV', E'ES', E'H3', E'ESA', E'SLV', E'.sv', True),
  (E'226', E'GNQ', E'GQ', E'017', True, True, True, True, 2309096, E'eg', E'GNE', E'GQ', E'H4', E'GEQ', E'EQG', E'.gq', True),
  (E'231', E'ETH', E'ET', E'014', True, True, True, True, 337996, E'et', E'ETH', E'ET', E'H5', E'ETH', E'ETH', E'.et', True),
  (E'232', E'ERI', E'ER', E'014', True, True, True, True, 338010, E'ea', E'ERI', NULL, E'1J', E'ERI', E'ERI', E'.er', True),
  (E'238', E'FLK', E'FK', E'005', True, True, True, True, 3474414, E'fk', E'FLK', E'FK', E'H7', E'FLK', E'FLK', E'.fk', True),
  (E'239', E'SGS', E'GS', E'005', True, True, True, True, 3474415, E'xs', NULL, NULL, E'1L', NULL, NULL, E'.gs', True),
  (E'254', E'GUF', E'GF', E'005', True, True, True, True, 3381670, E'fg', E'GUF', E'FG', E'I3', E'FGU', E'GUF', E'.gf', True),
  (E'260', E'ATF', E'TF', E'014', True, True, True, True, 1546748, E'fs', NULL, NULL, E'2C', NULL, NULL, E'.tf', True),
  (E'262', E'DJI', E'DJ', E'014', True, True, True, True, 223816, E'ft', E'DJI', E'DJ', E'1G', E'DJI', E'DJI', E'.dj', True),
  (E'266', E'GAB', E'GA', E'017', True, True, True, True, 2400553, E'go', E'GAB', E'GO', E'I5', E'GAB', E'GAB', E'.ga', True),
  (E'270', E'GMB', E'GM', E'011', True, True, True, True, 2413451, E'gm', E'GMB', E'GB', E'I6', E'GAM', E'GAM', E'.gm', True),
  (E'288', E'GHA', E'GH', E'011', True, True, True, True, 2300660, E'gh', E'GHA', E'GH', E'J0', E'GHA', E'GHA', E'.gh', True),
  (E'304', E'GRL', E'GL', E'021', True, True, True, True, 3425505, E'gl', E'GRL', E'GL', E'J4', E'GRL', E'GRL', E'.gl', True),
  (E'308', E'GRD', E'GD', E'029', True, True, True, True, 3580239, E'gd', E'GRD', E'GD', E'J5', E'GRN', E'GRN', E'.gd', True),
  (E'312', E'GLP', E'GP', E'029', True, True, True, True, 3579143, E'gp', E'GDL', E'MF', E'J6', E'GUD', E'GLP', E'.gp', True),
  (E'320', E'GTM', E'GT', E'013', True, True, True, True, 3595528, E'gt', E'GTM', E'GU', E'J8', E'GUA', E'GUA', E'.gt', True),
  (E'324', E'GIN', E'GN', E'011', True, True, True, True, 2420477, E'gv', E'GUI', E'GN', E'J9', E'GUI', E'GUI', E'.gn', True),
  (E'328', E'GUY', E'GY', E'005', True, True, True, True, 3378535, E'gy', E'GUY', E'GY', E'K0', E'GUY', E'GUY', E'.gy', True),
  (E'332', E'HTI', E'HT', E'029', True, True, True, True, 3723988, E'ht', E'HTI', E'HA', E'K1', E'HAI', E'HAI', E'.ht', True),
  (E'340', E'HND', E'HN', E'013', True, True, True, True, 3608932, E'ho', E'HND', E'HO', E'K2', E'HON', E'HON', E'.hn', True),
  (E'356', E'IND', E'IN', E'034', True, True, True, True, 1269750, E'ii', E'IND', E'IN', E'K7', E'IND', E'IND', E'.in', True),
  (E'364', E'IRN', E'IR', E'034', True, True, True, True, 130758, E'ir', E'IRN', E'IR', E'K9', E'IRI', E'IRN', E'.ir', True),
  (E'384', E'CIV', E'CI', E'011', True, True, True, True, 2287781, E'iv', E'CTI', E'IV', E'L7', E'CIV', E'CIV', E'.ci', True),
  (E'388', E'JAM', E'JM', E'029', True, True, True, True, 3489940, E'jm', E'JMC', E'JM', E'L8', E'JAM', E'JAM', E'.jm', True),
  (E'398', E'KAZ', E'KZ', E'143', True, True, True, True, 1522867, E'kz', E'KAZ', E'KZ', E'1P', E'KAZ', E'KAZ', E'.kz', True),
  (E'404', E'KEN', E'KE', E'014', True, True, True, True, 192950, E'ke', E'KEN', E'KN', E'M3', E'KEN', E'KEN', E'.ke', True),
  (E'417', E'KGZ', E'KG', E'143', True, True, True, True, 1527747, E'kg', E'KGZ', E'KG', E'1N', E'KGZ', E'KGZ', E'.kg', True),
  (E'426', E'LSO', E'LS', E'018', True, True, True, True, 932692, E'lo', E'LSO', E'LS', E'M9', E'LES', E'LES', E'.ls', True),
  (E'430', E'LBR', E'LR', E'011', True, True, True, True, 2275384, E'lb', E'LBR', E'LI', E'N0', E'LBR', E'LBR', E'.lr', True),
  (E'450', E'MDG', E'MG', E'014', True, True, True, True, 1062947, E'mg', E'MDG', E'MG', E'N6', E'MAD', E'MAD', E'.mg', True),
  (E'454', E'MWI', E'MW', E'014', True, True, True, True, 927384, E'mw', E'MWI', E'MW', E'N7', E'MAW', E'MWI', E'.mw', True),
  (E'462', E'MDV', E'MV', E'034', True, True, True, True, 1282028, E'xc', E'MLD', E'MV', E'N9', E'MDV', E'MDV', E'.mv', True),
  (E'466', E'MLI', E'ML', E'011', True, True, True, True, 2453866, E'ml', E'MLI', E'MI', E'O0', E'MLI', E'MLI', E'.ml', True),
  (E'474', E'MTQ', E'MQ', E'029', True, True, True, True, 3570311, E'mq', E'MRT', E'MR', E'O2', E'MRT', E'MTQ', E'.mq', True),
  (E'478', E'MRT', E'MR', E'011', True, True, True, True, 2378080, E'mu', E'MTN', E'MT', E'O3', E'MTN', E'MTN', E'.mr', True),
  (E'480', E'MUS', E'MU', E'014', True, True, True, True, 934292, E'mf', E'MAU', E'MA', E'O4', E'MRI', E'MRI', E'.mu', True),
  (E'484', E'MEX', E'MX', E'013', True, True, True, True, 3996063, E'mx', E'MEX', E'MX', E'O5', E'MEX', E'MEX', E'.mx', True),
  (E'500', E'MSR', E'MS', E'029', True, True, True, True, 3578097, E'mj', E'MSR', NULL, E'P1', E'MNT', E'MSR', E'.ms', True),
  (E'508', E'MOZ', E'MZ', E'014', True, True, True, True, 1036973, E'mz', E'MOZ', E'MZ', E'P3', E'MOZ', E'MOZ', E'.mz', True),
  (E'516', E'NAM', E'NA', E'018', True, True, True, True, 3355338, E'sx', E'NMB', E'NM', E'T6', E'NAM', E'NAM', E'.na', True),
  (E'524', E'NPL', E'NP', E'034', True, True, True, True, 1282988, E'np', E'NPL', E'NP', E'P6', E'NEP', E'NEP', E'.np', True),
  (E'530', E'ANT', E'AN', E'029', False, True, True, True, 8505032, NULL, NULL, NULL, E'P8', NULL, NULL, NULL, False),
  (E'531', E'CUW', E'CW', E'029', True, True, True, True, 7626836, E'co', NULL, NULL, NULL, NULL, NULL, E'.cw', True),
  (E'532', E'ANT', E'AN', E'029', True, False, True, True, 8505032, NULL, NULL, NULL, NULL, NULL, NULL, NULL, False),
  (E'533', E'ABW', E'AW', E'029', True, True, True, True, 3577279, E'aw', E'ABW', E'NU', E'1C', E'ARU', E'ARU', E'.aw', True),
  (E'534', E'SXM', E'SX', E'029', True, True, True, True, 7609695, E'sn', NULL, NULL, NULL, NULL, NULL, E'.sx', True),
  (E'535', E'BES', E'BQ', E'029', True, True, True, True, 7626844, E'ca', E'ATN', E'NU', NULL, E'AHO', E'ANT', E'.bq', True),
  (E'558', E'NIC', E'NI', E'013', True, True, True, True, 3617476, E'nq', E'NCG', E'NK', E'Q3', E'NCA', E'NCA', E'.ni', True),
  (E'562', E'NER', E'NE', E'011', True, True, True, True, 2440476, E'ng', E'NGR', E'NR', E'Q4', E'NIG', E'NIG', E'.ne', True),
  (E'566', E'NGA', E'NG', E'011', True, True, True, True, 2328926, E'nr', E'NIG', E'NI', E'Q5', E'NGR', E'NGA', E'.ng', True),
  (E'586', E'PAK', E'PK', E'034', True, True, True, True, 1168579, E'pk', E'PAK', E'PK', E'R0', E'PAK', E'PAK', E'.pk', True),
  (E'591', E'PAN', E'PA', E'013', True, True, True, True, 3703430, E'pn', E'PNR', E'PM', E'R1', E'PAN', E'PAN', E'.pa', True),
  (E'600', E'PRY', E'PY', E'005', True, True, True, True, 3437598, E'py', E'PRG', E'PY', E'R4', E'PAR', E'PAR', E'.py', True),
  (E'604', E'PER', E'PE', E'005', True, True, True, True, 3932488, E'pe', E'PRU', E'PR', E'R5', E'PER', E'PER', E'.pe', True),
  (E'624', E'GNB', E'GW', E'011', True, True, True, True, 2372248, E'pg', E'GNB', E'GW', E'S0', E'GBS', E'GNB', E'.gw', True),
  (E'630', E'PRI', E'PR', E'029', True, True, True, True, 4566966, E'pr', E'PTR', E'PU', E'PR', E'PUR', E'PUR', E'.pr', True),
  (E'638', E'REU', E'RE', E'014', True, True, True, True, 935317, E're', E'REU', E'RE', E'S4', E'REU', E'REU', E'.re', True),
  (E'646', E'RWA', E'RW', E'014', True, True, True, True, 49518, E'rw', E'RRW', E'RW', E'S6', E'RWA', E'RWA', E'.rw', True),
  (E'652', E'BLM', E'BL', E'029', True, True, True, True, 3578476, E'sc', NULL, NULL, E'Z0', NULL, NULL, E'.gp', True),
  (E'654', E'SHN', E'SH', E'011', True, True, True, True, 3370751, E'xj', E'SHN', E'HE', E'U8', E'HEL', E'SHN', E'.sh', True),
  (E'659', E'KNA', E'KN', E'029', True, True, True, True, 3575174, E'xd', E'KNA', E'AT', E'U7', E'SKN', E'SKN', E'.kn', True),
  (E'660', E'AIA', E'AI', E'029', True, True, True, True, 3573511, E'am', E'AIA', NULL, E'1A', E'AIA', E'AIA', E'.ai', True),
  (E'662', E'LCA', E'LC', E'029', True, True, True, True, 3576468, E'xk', E'LCA', E'LC', E'U9', E'LCA', E'LCA', E'.lc', True),
  (E'663', E'MAF', E'MF', E'029', True, True, True, True, 3578421, E'st', NULL, NULL, E'Z1', NULL, NULL, E'.gp', True),
  (E'666', E'SPM', E'PM', E'021', True, True, True, True, 3424932, E'xl', E'SPM', E'FP', E'V0', E'SPM', E'SPM', E'.pm', True),
  (E'670', E'VCT', E'VC', E'029', True, True, True, True, 3577815, E'xm', E'VCT', E'VG', E'V1', E'VIN', E'VIN', E'.vc', True),
  (E'678', E'STP', E'ST', E'017', True, True, True, True, 2410758, E'sf', E'STP', E'TP', E'S9', E'STP', E'STP', E'.st', True),
  (E'680', E'CRQ', E'CQ', E'830', True, True, True, True, 3042282, NULL, NULL, NULL, NULL, NULL, NULL, NULL, True),
  (E'686', E'SEN', E'SN', E'011', True, True, True, True, 2245662, E'sg', E'SEN', E'SG', E'T1', E'SEN', E'SEN', E'.sn', True),
  (E'690', E'SYC', E'SC', E'014', True, True, True, True, 241170, E'se', E'SEY', E'SC', E'T2', E'SEY', E'SEY', E'.sc', True),
  (E'694', E'SLE', E'SL', E'011', True, True, True, True, 2403846, E'sl', E'SRL', E'SL', E'T8', E'SLE', E'SLE', E'.sl', True),
  (E'706', E'SOM', E'SO', E'014', True, True, True, True, 51537, E'so', E'SOM', E'SI', E'U1', E'SOM', E'SOM', E'.so', True),
  (E'710', E'ZAF', E'ZA', E'018', True, True, True, True, 953987, E'sa', E'AFS', E'ZA', E'T3', E'RSA', E'RSA', E'.za', True),
  (E'716', E'ZWE', E'ZW', E'014', True, True, True, True, 878675, E'rh', E'ZWE', E'ZW', E'Y5', E'ZIM', E'ZIM', E'.zw', True),
  (E'728', E'SSD', E'SS', E'014', True, True, True, True, 7909807, E'sd', E'SSD', NULL, NULL, NULL, NULL, NULL, True),
  (E'740', E'SUR', E'SR', E'005', True, True, True, True, 3382998, E'sr', E'SUR', E'SM', E'V3', E'SUR', E'SUR', E'.sr', True),
  (E'748', E'SWZ', E'SZ', E'018', True, True, True, True, 934841, E'sq', E'SWZ', E'SV', E'V6', E'SWZ', E'SWZ', E'.sz', True),
  (E'762', E'TJK', E'TJ', E'143', True, True, True, True, 1220409, E'ta', E'TJK', E'TA', E'2D', E'TJK', E'TJK', E'.tj', True),
  (E'768', E'TGO', E'TG', E'011', True, True, True, True, 2363686, E'tg', E'TGO', E'TG', E'W2', E'TOG', E'TOG', E'.tg', True),
  (E'780', E'TTO', E'TT', E'029', True, True, True, True, 3573591, E'tr', E'TRD', E'TD', E'W5', E'TTO', E'TRI', E'.tt', True),
  (E'795', E'TKM', E'TM', E'143', True, True, True, True, 1218197, E'tk', E'TKM', E'TR', E'2E', E'TKM', E'TKM', E'.tm', True),
  (E'796', E'TCA', E'TC', E'029', True, True, True, True, 3576916, E'tc', E'TCA', E'TI', E'W7', E'TKS', E'TCA', E'.tc', True),
  (E'800', E'UGA', E'UG', E'014', True, True, True, True, 226074, E'ug', E'UGA', E'UG', E'W9', E'UGA', E'UGA', E'.ug', True),
  (E'831', E'GGY', E'GG', E'830', True, True, True, True, 3042362, E'uik', NULL, NULL, E'Y7', NULL, E'GBG', E'.gg', True),
  (E'832', E'JEY', E'JE', E'830', True, True, True, True, 3042142, E'uik', NULL, NULL, E'Y9', NULL, E'GBJ', E'.je', True),
  (E'834', E'TZA', E'TZ', E'014', True, True, True, True, 149590, E'tz', E'TZA', E'TN', E'W0', E'TAN', E'TAN', E'.tz', True),
  (E'840', E'USA', E'US', E'021', True, True, True, True, 6252001, E'xxu', E'USA', E'US', E'X1', E'USA', E'USA', E'.us', True),
  (E'850', E'VIR', E'VI', E'029', True, True, True, True, 4796775, E'vi', E'VIR', E'VI', E'VI', E'ISV', E'VIR', E'.vi', True),
  (E'854', E'BFA', E'BF', E'011', True, True, True, True, 2361809, E'uv', E'BFA', E'HV', E'X2', E'BUR', E'BFA', E'.bf', True),
  (E'858', E'URY', E'UY', E'005', True, True, True, True, 3439705, E'uy', E'URG', E'UY', E'X3', E'URU', E'URU', E'.uy', True),
  (E'860', E'UZB', E'UZ', E'143', True, True, True, True, 1512440, E'uz', E'UZB', E'UZ', E'2K', E'UZB', E'UZB', E'.uz', True),
  (E'862', E'VEN', E'VE', E'005', True, True, True, True, 3625428, E've', E'VEN', E'VN', E'X5', E'VEN', E'VEN', E'.ve', True),
  (E'894', E'ZMB', E'ZM', E'014', True, True, True, True, 895949, E'za', E'ZMB', E'ZB', E'Y4', E'ZAM', E'ZAM', E'.zm', True);

/* Data for the 'lc.t840ar01' table  (Records 1 - 500) */

INSERT INTO lc.t840ar01 ("marc", "caption")
VALUES 
  (E'a-af', E'Afghanistan'),
  (E'f', E'Africa'),
  (E'fc', E'Africa, Central'),
  (E'fe', E'Africa, Eastern'),
  (E'fq', E'Africa, French-speaking Equatorial'),
  (E'ff', E'Africa, North'),
  (E'fh', E'Africa, Northeast'),
  (E'fs', E'Africa, Southern'),
  (E'fb', E'Africa, Sub-Saharan'),
  (E'fw', E'Africa, West'),
  (E'n-us-al', E'Alabama'),
  (E'n-us-ak', E'Alaska'),
  (E'e-aa', E'Albania'),
  (E'n-cn-ab', E'Alberta'),
  (E'f-ae', E'Algeria'),
  (E'ea', E'Alps'),
  (E'sa', E'Amazon River'),
  (E'poas', E'American Samoa'),
  (E'aa', E'Amur River (China and Russia)'),
  (E'sn', E'Andes'),
  (E'e-an', E'Andorra'),
  (E'f-ao', E'Angola'),
  (E'nwxa', E'Anguilla'),
  (E'a-cc-an', E'Anhui Sheng (China)'),
  (E't', E'Antarctic Ocean; Antarctica'),
  (E'-t-ay', E'Antarctica'),
  (E'nwaq', E'Antigua and Barbuda'),
  (E'nwla', E'Antilles, Lesser'),
  (E'n-usa', E'Appalachian Mountains'),
  (E'ma', E'Arab countries'),
  (E'ar', E'Arabian Peninsula'),
  (E'au', E'Arabian Sea'),
  (E'r', E'Arctic Ocean; Arctic regions'),
  (E's-ag', E'Argentina'),
  (E'n-us-az', E'Arizona'),
  (E'n-us-ar', E'Arkansas'),
  (E'a-ai', E'Armenia (Republic)'),
  (E'-e-ur-ai', E'Armenia (Republic)'),
  (E'nwaw', E'Aruba'),
  (E'lsai', E'Ascension Island (Atlantic Ocean)'),
  (E'u-ac', E'Ashmore and Cartier Islands'),
  (E'a', E'Asia'),
  (E'ac', E'Asia, Central'),
  (E'l', E'Atlantic Ocean'),
  (E'fa', E'Atlas Mountains'),
  (E'u', E'Australasia'),
  (E'u-at', E'Australia'),
  (E'u-at-ac', E'Australian Capital Territory'),
  (E'e-au', E'Austria'),
  (E'a-aj', E'Azerbaijan'),
  (E'-e-ur-aj', E'Azerbaijan'),
  (E'lnaz', E'Azores'),
  (E'nwbf', E'Bahamas'),
  (E'a-ba', E'Bahrain'),
  (E'ed', E'Balkan Peninsula'),
  (E'eb', E'Baltic States'),
  (E'a-bg', E'Bangladesh'),
  (E'nwbb', E'Barbados'),
  (E'-nwbc', E'Barbuda'),
  (E'a-cc-pe', E'Beijing (China)'),
  (E'-e-ur-bw', E'Belarus'),
  (E'e-bw', E'Belarus'),
  (E'e-be', E'Belgium'),
  (E'ncbh', E'Belize'),
  (E'el', E'Benelux countries'),
  (E'ab', E'Bengal, Bay of'),
  (E'f-dm', E'Benin'),
  (E'lnbm', E'Bermuda Islands'),
  (E'a-bt', E'Bhutan'),
  (E'-f-by', E'Biafra'),
  (E'mb', E'Black Sea'),
  (E'a-ccp', E'Bo Hai (China)'),
  (E's-bo', E'Bolivia'),
  (E'nwbn', E'Bonaire'),
  (E'a-bn', E'Borneo'),
  (E'e-bn', E'Bosnia and Herzegovina'),
  (E'f-bs', E'Botswana'),
  (E'lsbv', E'Bouvet Island'),
  (E's-bl', E'Brazil'),
  (E'n-cn-bc', E'British Columbia'),
  (E'i-bi', E'British Indian Ocean Territory'),
  (E'nwvb', E'British Virgin Islands'),
  (E'a-bx', E'Brunei'),
  (E'e-bu', E'Bulgaria'),
  (E'f-uv', E'Burkina Faso'),
  (E'a-br', E'Burma'),
  (E'f-bd', E'Burundi'),
  (E'lncv', E'Cabo Verde'),
  (E'n-us-ca', E'California'),
  (E'a-cb', E'Cambodia'),
  (E'f-cm', E'Cameroon'),
  (E'n-cn', E'Canada'),
  (E'nccz', E'Canal Zone'),
  (E'lnca', E'Canary Islands'),
  (E'-pocp', E'Canton and Enderbury Islands'),
  (E'cc', E'Caribbean Area; Caribbean Sea'),
  (E'poci', E'Caroline Islands'),
  (E'ak', E'Caspian Sea'),
  (E'e-urk', E'Caucasus'),
  (E'e-urr', E'Caucasus, Northern (Russia)'),
  (E'nwcj', E'Cayman Islands'),
  (E'f-cx', E'Central African Republic'),
  (E'nc', E'Central America'),
  (E'u-atc', E'Central Australia'),
  (E'e-urc', E'Central Chernozem Region (Russia)'),
  (E'-e-url', E'Central Region, RSFSR'),
  (E'f-cd', E'Chad'),
  (E's-cl', E'Chile'),
  (E'a-cc', E'China'),
  (E'a-cc-cq', E'Chongqing (China)'),
  (E'i-xa', E'Christmas Island (Indian Ocean)'),
  (E'-cr', E'Circumcaribbean'),
  (E'i-xb', E'Cocos (Keeling) Islands'),
  (E'q', E'Cold regions'),
  (E's-ck', E'Colombia'),
  (E'n-us-co', E'Colorado'),
  (E'b', E'Commonwealth countries'),
  (E'-v', E'Communist countries'),
  (E'i-cq', E'Comoros'),
  (E'f-cf', E'Congo (Brazzaville)'),
  (E'f-cg', E'Congo (Democratic Republic)'),
  (E'fg', E'Congo River'),
  (E'n-us-ct', E'Connecticut'),
  (E'pocw', E'Cook Islands'),
  (E'u-cs', E'Coral Sea Islands'),
  (E'nccr', E'Costa Rica'),
  (E'f-iv', E'Côte d''Ivoire'),
  (E'e-ci', E'Croatia'),
  (E'nwcu', E'Cuba'),
  (E'nwco', E'Curaçao'),
  (E'a-cy', E'Cyprus'),
  (E'e-xr', E'Czech Republic'),
  (E'e-cs', E'Czechoslovakia'),
  (E'eo', E'Danube River'),
  (E'zd', E'Deep space'),
  (E'n-us-de', E'Delaware'),
  (E'e-dk', E'Denmark'),
  (E'dd', E'Developed countries'),
  (E'd', E'Developing countries'),
  (E'f-ft', E'Djibouti'),
  (E'nwdq', E'Dominica'),
  (E'nwdr', E'Dominican Republic'),
  (E'x', E'Earth'),
  (E'n-usr', E'East (U.S.)'),
  (E'ae', E'East Asia'),
  (E'an', E'East China Sea'),
  (E'poea', E'Easter Island'),
  (E'u-ate', E'Eastern Australia'),
  (E'xa', E'Eastern Hemisphere'),
  (E's-ec', E'Ecuador'),
  (E'f-ua', E'Egypt'),
  (E'nces', E'El Salvador'),
  (E'e-uk-en', E'England'),
  (E'f-eg', E'Equatorial Guinea'),
  (E'f-ea', E'Eritrea'),
  (E'e-er', E'Estonia'),
  (E'-e-ur-er', E'Estonia'),
  (E'f-sq', E'Eswatini'),
  (E'f-et', E'Ethiopia'),
  (E'me', E'Eurasia'),
  (E'e', E'Europe'),
  (E'ec', E'Europe, Central'),
  (E'-et', E'Europe, East Central'),
  (E'ee', E'Europe, Eastern'),
  (E'en', E'Europe, Northern'),
  (E'es', E'Europe, Southern'),
  (E'ew', E'Europe, Western'),
  (E'lsfk', E'Falkland Islands'),
  (E'lnfa', E'Faroe Islands'),
  (E'pofj', E'Fiji'),
  (E'e-fi', E'Finland'),
  (E'n-us-fl', E'Florida'),
  (E'e-fr', E'France'),
  (E'h', E'French Community'),
  (E's-fg', E'French Guiana'),
  (E'pofp', E'French Polynesia'),
  (E'a-cc-fu', E'Fujian Sheng (China)'),
  (E'f-go', E'Gabon'),
  (E'pogg', E'Galapagos Islands'),
  (E'f-gm', E'Gambia'),
  (E'a-cc-ka', E'Gansu Sheng (China)'),
  (E'awgz', E'Gaza Strip'),
  (E'n-us-ga', E'Georgia'),
  (E'-e-ur-gs', E'Georgia (Republic)'),
  (E'a-gs', E'Georgia (Republic)'),
  (E'e-gx', E'Germany'),
  (E'e-ge', E'Germany (East)'),
  (E'e-gw', E'Germany (West)'),
  (E'f-gh', E'Ghana'),
  (E'e-gi', E'Gibraltar'),
  (E'-pogn', E'Gilbert and Ellice Islands'),
  (E'e-uk', E'Great Britain'),
  (E'-e-uk-ui', E'Great Britain Miscellaneous Island Dependencies'),
  (E'nl', E'Great Lakes (North America); Lake States'),
  (E'np', E'Great Plains'),
  (E'fr', E'Great Rift Valley'),
  (E'-nwga', E'Greater Antilles'),
  (E'e-gr', E'Greece'),
  (E'n-gl', E'Greenland'),
  (E'nwgd', E'Grenada'),
  (E'-nwgs', E'Grenadines'),
  (E'nwgp', E'Guadeloupe'),
  (E'pogu', E'Guam'),
  (E'a-cc-kn', E'Guangdong Sheng (China)'),
  (E'a-cc-kc', E'Guangxi Zhuangzu Zizhiqu (China)'),
  (E'ncgt', E'Guatemala'),
  (E'e-gg', E'Guernsey'),
  (E'f-gv', E'Guinea'),
  (E'f-pg', E'Guinea-Bissau'),
  (E'a-cc-kw', E'Guizhou Sheng (China)'),
  (E's-gy', E'Guyana'),
  (E'a-cc-ha', E'Hainan Sheng (China)'),
  (E'nwht', E'Haiti'),
  (E'n-us-hi', E'Hawaii'),
  (E'i-hm', E'Heard and McDonald Islands'),
  (E'a-cc-hp', E'Hebei Sheng (China)'),
  (E'a-cc-he', E'Heilongjiang Sheng (China)'),
  (E'a-cc-ho', E'Henan Sheng (China)'),
  (E'ah', E'Himalaya Mountains'),
  (E'nwhi', E'Hispaniola'),
  (E'ncho', E'Honduras'),
  (E'-a-hk', E'Hong Kong'),
  (E'a-cc-hk', E'Hong Kong (China)'),
  (E'a-cc-hh', E'Hubei Sheng (China)'),
  (E'n-cnh', E'Hudson Bay'),
  (E'a-cc-hu', E'Hunan Sheng (China)'),
  (E'e-hu', E'Hungary'),
  (E'-ei', E'Iberian Peninsula'),
  (E'e-ic', E'Iceland'),
  (E'n-us-id', E'Idaho'),
  (E'-f-if', E'Ifni'),
  (E'n-us-il', E'Illinois'),
  (E'a-ii', E'India'),
  (E'i', E'Indian Ocean'),
  (E'n-us-in', E'Indiana'),
  (E'ai', E'Indochina'),
  (E'a-io', E'Indonesia'),
  (E'a-cc-im', E'Inner Mongolia (China)'),
  (E'm', E'Intercontinental areas (Eastern Hemisphere)'),
  (E'c', E'Intercontinental areas (Western Hemisphere)'),
  (E'n-us-ia', E'Iowa'),
  (E'a-ir', E'Iran'),
  (E'a-iq', E'Iraq'),
  (E'-awiy', E'Iraq-Saudi Arabia Neutral Zone'),
  (E'e-ie', E'Ireland'),
  (E'e-im', E'Isle of Man'),
  (E'a-is', E'Israel'),
  (E'-awiw', E'Israel-Jordan Demilitarized Zones'),
  (E'-awiu', E'Israel-Syria Demilitarized Zones'),
  (E'e-it', E'Italy'),
  (E'nwjm', E'Jamaica'),
  (E'lnjn', E'Jan Mayen Island'),
  (E'a-ja', E'Japan'),
  (E'e-je', E'Jersey'),
  (E'a-cc-ku', E'Jiangsu Sheng (China)'),
  (E'a-cc-ki', E'Jiangxi Sheng (China)'),
  (E'a-cc-kr', E'Jilin Sheng (China)'),
  (E'poji', E'Johnston Island'),
  (E'a-jo', E'Jordan'),
  (E'zju', E'Jupiter'),
  (E'n-us-ks', E'Kansas'),
  (E'-e-ur-kz', E'Kazakhstan'),
  (E'a-kz', E'Kazakhstan'),
  (E'n-us-ky', E'Kentucky'),
  (E'f-ke', E'Kenya'),
  (E'poki', E'Kermadec Islands'),
  (E'pokb', E'Kiribati'),
  (E'a-kr', E'Korea'),
  (E'a-kn', E'Korea (North)'),
  (E'a-ko', E'Korea (South)'),
  (E'e-kv', E'Kosovo'),
  (E'a-cck', E'Kunlun Mountains (China and India)'),
  (E'a-ku', E'Kuwait'),
  (E'-e-ur-kg', E'Kyrgyzstan'),
  (E'a-kg', E'Kyrgyzstan'),
  (E'a-ls', E'Laos'),
  (E'cl', E'Latin America'),
  (E'e-lv', E'Latvia'),
  (E'-e-ur-lv', E'Latvia'),
  (E'a-le', E'Lebanon'),
  (E'nwli', E'Leeward Islands (West Indies)'),
  (E'f-lo', E'Lesotho'),
  (E'a-cc-lp', E'Liaoning Sheng (China)'),
  (E'f-lb', E'Liberia'),
  (E'f-ly', E'Libya'),
  (E'e-lh', E'Liechtenstein'),
  (E'poln', E'Line Islands'),
  (E'-e-ur-li', E'Lithuania'),
  (E'e-li', E'Lithuania'),
  (E'n-us-la', E'Louisiana'),
  (E'e-lu', E'Luxembourg'),
  (E'-a-mh', E'Macao'),
  (E'a-cc-mh', E'Macau (China : Special Administrative Region)'),
  (E'f-mg', E'Madagascar'),
  (E'lnma', E'Madeira Islands'),
  (E'n-us-me', E'Maine'),
  (E'f-mw', E'Malawi'),
  (E'am', E'Malaya'),
  (E'a-my', E'Malaysia'),
  (E'i-xc', E'Maldives'),
  (E'f-ml', E'Mali'),
  (E'e-mm', E'Malta'),
  (E'n-cn-mb', E'Manitoba'),
  (E'poxd', E'Mariana Islands'),
  (E'n-cnm', E'Maritime Provinces'),
  (E'zma', E'Mars'),
  (E'poxe', E'Marshall Islands'),
  (E'nwmq', E'Martinique'),
  (E'n-us-md', E'Maryland'),
  (E'n-us-ma', E'Massachusetts'),
  (E'f-mu', E'Mauritania'),
  (E'i-mf', E'Mauritius'),
  (E'i-my', E'Mayotte'),
  (E'mm', E'Mediterranean Region; Mediterranean Sea'),
  (E'ag', E'Mekong River'),
  (E'pome', E'Melanesia'),
  (E'zme', E'Mercury'),
  (E'n-mx', E'Mexico'),
  (E'nm', E'Mexico, Gulf of'),
  (E'n-us-mi', E'Michigan'),
  (E'pott', E'Micronesia'),
  (E'pomi', E'Micronesia (Federated States)'),
  (E'-cm', E'Middle America'),
  (E'n-usl', E'Middle Atlantic States'),
  (E'aw', E'Middle East'),
  (E'n-usc', E'Middle West'),
  (E'poxf', E'Midway Islands'),
  (E'n-us-mn', E'Minnesota'),
  (E'n-us-ms', E'Mississippi'),
  (E'n-usm', E'Mississippi River'),
  (E'n-us-mo', E'Missouri'),
  (E'n-uss', E'Missouri River'),
  (E'e-mv', E'Moldova'),
  (E'-e-ur-mv', E'Moldova'),
  (E'e-mc', E'Monaco'),
  (E'a-mp', E'Mongolia'),
  (E'n-us-mt', E'Montana'),
  (E'e-mo', E'Montenegro'),
  (E'nwmj', E'Montserrat'),
  (E'zmo', E'Moon'),
  (E'f-mr', E'Morocco'),
  (E'f-mz', E'Mozambique'),
  (E'f-sx', E'Namibia'),
  (E'ponu', E'Nauru'),
  (E'n-us-nb', E'Nebraska'),
  (E'a-np', E'Nepal'),
  (E'zne', E'Neptune'),
  (E'e-ne', E'Netherlands'),
  (E'-nwna', E'Netherlands Antilles'),
  (E'n-us-nv', E'Nevada'),
  (E'n-cn-nk', E'New Brunswick'),
  (E'ponl', E'New Caledonia'),
  (E'n-usn', E'New England'),
  (E'a-nw', E'New Guinea'),
  (E'n-us-nh', E'New Hampshire'),
  (E'n-us-nj', E'New Jersey'),
  (E'n-us-nm', E'New Mexico'),
  (E'u-at-ne', E'New South Wales'),
  (E'n-us-ny', E'New York'),
  (E'u-nz', E'New Zealand'),
  (E'n-cn-nf', E'Newfoundland and Labrador'),
  (E'ncnq', E'Nicaragua'),
  (E'f-ng', E'Niger'),
  (E'fi', E'Niger River'),
  (E'f-nr', E'Nigeria'),
  (E'fl', E'Nile River'),
  (E'a-cc-nn', E'Ningxia Huizu Zizhiqu (China)'),
  (E'poxh', E'Niue'),
  (E'n', E'North America'),
  (E'ln', E'North Atlantic Ocean'),
  (E'n-us-nc', E'North Carolina'),
  (E'n-us-nd', E'North Dakota'),
  (E'e-xn', E'North Macedonia'),
  (E'pn', E'North Pacific Ocean'),
  (E'n-use', E'Northeastern States'),
  (E'u-atn', E'Northern Australia'),
  (E'xb', E'Northern Hemisphere'),
  (E'e-uk-ni', E'Northern Ireland'),
  (E'u-at-no', E'Northern Territory'),
  (E'-n-usw', E'Northwest (U.S.)'),
  (E'n-cn-nt', E'Northwest Territories'),
  (E'e-no', E'Norway'),
  (E'n-cn-ns', E'Nova Scotia'),
  (E'n-cn-nu', E'Nunavut'),
  (E'po', E'Oceania'),
  (E'n-us-oh', E'Ohio'),
  (E'n-uso', E'Ohio River'),
  (E'-a-ok', E'Okinawa'),
  (E'n-us-ok', E'Oklahoma'),
  (E'a-mk', E'Oman'),
  (E'n-cn-on', E'Ontario'),
  (E'n-us-or', E'Oregon'),
  (E'zo', E'Outer space'),
  (E'p', E'Pacific Ocean'),
  (E'a-pk', E'Pakistan'),
  (E'popl', E'Palau'),
  (E'ncpn', E'Panama'),
  (E'a-pp', E'Papua New Guinea'),
  (E'aopf', E'Paracel Islands'),
  (E's-py', E'Paraguay'),
  (E'n-us-pa', E'Pennsylvania'),
  (E'ap', E'Persian Gulf'),
  (E's-pe', E'Peru'),
  (E'a-ph', E'Philippines'),
  (E'popc', E'Pitcairn Island'),
  (E'zpl', E'Pluto'),
  (E'e-pl', E'Poland'),
  (E'pops', E'Polynesia'),
  (E'e-po', E'Portugal'),
  (E'-a-pt', E'Portuguese Timor'),
  (E'n-cnp', E'Prairie Provinces'),
  (E'n-cn-pi', E'Prince Edward Island'),
  (E'nwpr', E'Puerto Rico'),
  (E'ep', E'Pyrenees'),
  (E'a-qa', E'Qatar'),
  (E'a-cc-ts', E'Qinghai Sheng (China)'),
  (E'n-cn-qu', E'Québec (Province)'),
  (E'u-at-qn', E'Queensland'),
  (E'mr', E'Red Sea'),
  (E'i-re', E'Réunion'),
  (E'er', E'Rhine River'),
  (E'n-us-ri', E'Rhode Island'),
  (E'sp', E'Rio de la Plata (Argentina and Uruguay)'),
  (E'nr', E'Rocky Mountains'),
  (E'e-rm', E'Romania'),
  (E'e-ru', E'Russia (Federation)'),
  (E'-e-ur-ru', E'Russia (Federation)'),
  (E'e-ur', E'Russia. Russian Empire. Soviet Union. Former Soviet Republics'),
  (E'e-urf', E'Russian Far East (Russia)'),
  (E'f-rw', E'Rwanda'),
  (E'-pory', E'Ryukyu Islands, Southern'),
  (E'nwsd', E'Saba'),
  (E'fd', E'Sahara'),
  (E'nwsc', E'Saint-Barthélemy'),
  (E'-nwsb', E'Saint-Barthélemy'),
  (E'nwst', E'Saint-Martin'),
  (E'lsxj', E'Saint Helena'),
  (E'nwxi', E'Saint Kitts and Nevis'),
  (E'nwxk', E'Saint Lucia'),
  (E'n-xl', E'Saint Pierre and Miquelon'),
  (E'nwxm', E'Saint Vincent and the Grenadines'),
  (E'pows', E'Samoa'),
  (E'posh', E'Samoan Islands'),
  (E'e-sm', E'San Marino'),
  (E'-posc', E'Santa Cruz Islands'),
  (E'f-sf', E'Sao Tome and Principe'),
  (E'n-cn-sn', E'Saskatchewan'),
  (E'zsa', E'Saturn'),
  (E'a-su', E'Saudi Arabia'),
  (E'ev', E'Scandinavia'),
  (E'e-uk-st', E'Scotland'),
  (E'f-sg', E'Senegal'),
  (E'e-rb', E'Serbia'),
  (E'e-yu', E'Serbia and Montenegro; Yugoslavia'),
  (E'i-se', E'Seychelles'),
  (E'a-cc-ss', E'Shaanxi Sheng (China)'),
  (E'a-cc-sp', E'Shandong Sheng (China)'),
  (E'a-cc-sm', E'Shanghai (China)'),
  (E'a-cc-sh', E'Shanxi Sheng (China)'),
  (E'e-urs', E'Siberia (Russia)'),
  (E'e-ure', E'Siberia, Eastern (Russia)'),
  (E'e-urw', E'Siberia, Western (Russia)'),
  (E'a-cc-sz', E'Sichuan Sheng (China)'),
  (E'f-sl', E'Sierra Leone'),
  (E'-a-sk', E'Sikkim'),
  (E'a-si', E'Singapore'),
  (E'nweu', E'Sint Eustatius'),
  (E'nwsn', E'Sint Maarten'),
  (E'e-xo', E'Slovakia'),
  (E'e-xv', E'Slovenia'),
  (E'-i-xo', E'Socotra Island'),
  (E'zs', E'Solar system'),
  (E'-posn', E'Solomon Islands'),
  (E'pobp', E'Solomon Islands'),
  (E'f-so', E'Somalia'),
  (E'f-sa', E'South Africa'),
  (E's', E'South America'),
  (E'az', E'South Asia'),
  (E'ls', E'South Atlantic Ocean'),
  (E'u-at-sa', E'South Australia'),
  (E'n-us-sc', E'South Carolina'),
  (E'ao', E'South China Sea'),
  (E'n-us-sd', E'South Dakota'),
  (E'lsxs', E'South Georgia and South Sandwich Islands'),
  (E'ps', E'South Pacific Ocean'),
  (E'f-sd', E'South Sudan'),
  (E'as', E'Southeast Asia'),
  (E'xc', E'Southern Hemisphere'),
  (E'n-usu', E'Southern States'),
  (E'n-ust', E'Southwest, New'),
  (E'-e-uro', E'Soviet Central Asia'),
  (E'e-urn', E'Soviet Union, Northwestern'),
  (E'e-sp', E'Spain'),
  (E'f-sh', E'Spanish North Africa'),
  (E'aoxp', E'Spratly Islands'),
  (E'a-ce', E'Sri Lanka'),
  (E'f-sj', E'Sudan'),
  (E'fn', E'Sudan (Region)'),
  (E'fu', E'Suez Canal (Egypt)'),
  (E'zsu', E'Sun');


/* Data for the 'lc.t840ar01' table  (Records 501 - 588) */

INSERT INTO lc.t840ar01 ("marc", "caption")
VALUES 
  (E's-sr', E'Suriname'),
  (E'lnsb', E'Svalbard (Norway)'),
  (E'nwsv', E'Swan Islands (Honduras)'),
  (E'e-sw', E'Sweden'),
  (E'e-sz', E'Switzerland'),
  (E'a-sy', E'Syria'),
  (E'a-ch', E'Taiwan'),
  (E'a-ta', E'Tajikistan'),
  (E'-e-ur-ta', E'Tajikistan'),
  (E'f-tz', E'Tanzania'),
  (E'u-at-tm', E'Tasmania'),
  (E'n-us-tn', E'Tennessee'),
  (E'i-fs', E'Terres australes et antarctiques françaises'),
  (E'n-us-tx', E'Texas'),
  (E'a-th', E'Thailand'),
  (E'af', E'Thailand, Gulf of'),
  (E'a-cc-tn', E'Tianjin (China)'),
  (E'a-cc-ti', E'Tibet (China)'),
  (E'at', E'Tien Shan'),
  (E'a-em', E'Timor-Leste'),
  (E'f-tg', E'Togo'),
  (E'potl', E'Tokelau'),
  (E'poto', E'Tonga'),
  (E'nwtr', E'Trinidad and Tobago'),
  (E'lstd', E'Tristan da Cunha'),
  (E'w', E'Tropics'),
  (E'f-ti', E'Tunisia'),
  (E'a-tu', E'Turkey'),
  (E'a-tk', E'Turkmenistan'),
  (E'-e-ur-tk', E'Turkmenistan'),
  (E'nwtc', E'Turks and Caicos Islands'),
  (E'potv', E'Tuvalu'),
  (E'f-ug', E'Uganda'),
  (E'-e-ur-un', E'Ukraine'),
  (E'e-un', E'Ukraine'),
  (E'a-ts', E'United Arab Emirates'),
  (E'n-us', E'United States'),
  (E'nwuc', E'United States Miscellaneous Caribbean Islands'),
  (E'poup', E'United States Miscellaneous Pacific Islands'),
  (E'e-uru', E'Ural Mountains (Russia)'),
  (E'zur', E'Uranus'),
  (E's-uy', E'Uruguay'),
  (E'n-us-ut', E'Utah'),
  (E'a-uz', E'Uzbekistan'),
  (E'-e-ur-uz', E'Uzbekistan'),
  (E'ponn', E'Vanuatu'),
  (E'e-vc', E'Vatican City'),
  (E's-ve', E'Venezuela'),
  (E'zve', E'Venus'),
  (E'n-us-vt', E'Vermont'),
  (E'u-at-vi', E'Victoria'),
  (E'-a-vn', E'Viet Nam, North'),
  (E'-a-vs', E'Viet Nam, South'),
  (E'a-vt', E'Vietnam'),
  (E'-nwvr', E'Virgin Islands'),
  (E'nwvi', E'Virgin Islands of the United States'),
  (E'n-us-va', E'Virginia'),
  (E'e-urp', E'Volga River (Russia)'),
  (E'-e-urv', E'Volgo-Viatskii Region, RSFSR'),
  (E'fv', E'Volta River (Ghana)'),
  (E'powk', E'Wake Island'),
  (E'e-uk-wl', E'Wales'),
  (E'powf', E'Wallis and Futuna Islands'),
  (E'n-us-dc', E'Washington (D.C.)'),
  (E'n-us-wa', E'Washington (State)'),
  (E'n-usp', E'West (U.S.)'),
  (E'awba', E'West Bank'),
  (E'nw', E'West Indies'),
  (E'n-us-wv', E'West Virginia'),
  (E'u-at-we', E'Western Australia'),
  (E'xd', E'Western Hemisphere'),
  (E'f-ss', E'Western Sahara'),
  (E'nwwi', E'Windward Islands (West Indies)'),
  (E'n-us-wi', E'Wisconsin'),
  (E'n-us-wy', E'Wyoming'),
  (E'a-ccs', E'Xi River (China)'),
  (E'a-cc-su', E'Xinjiang Uygur Zizhiqu (China)'),
  (E'a-ccg', E'Yangtze River (China)'),
  (E'a-ccy', E'Yellow River (China)'),
  (E'ay', E'Yellow Sea'),
  (E'-a-ys', E'Yemen (People''s Democratic Republic)'),
  (E'a-ye', E'Yemen (Republic)'),
  (E'n-cn-yk', E'Yukon Territory'),
  (E'a-cc-yu', E'Yunnan Sheng (China)'),
  (E'fz', E'Zambezi River'),
  (E'f-za', E'Zambia'),
  (E'a-cc-ch', E'Zhejiang Sheng (China)'),
  (E'f-rh', E'Zimbabwe');

/* Data for the 'lc.t840ar03' table  (Records 1 - 309) */

INSERT INTO lc.t840ar03 ("edgar", "caption", "artp", "actv")
VALUES 
  (E'AK', E'ALASKA', 1, True),
  (E'AL', E'ALABAMA', 1, True),
  (E'AR', E'ARKANSAS', 1, True),
  (E'AZ', E'ARIZONA', 1, True),
  (E'CA', E'CALIFORNIA', 1, True),
  (E'CO', E'COLORADO', 1, True),
  (E'CT', E'CONNECTICUT', 1, True),
  (E'DC', E'DISTRICT OF COLUMBIA', 1, True),
  (E'DE', E'DELAWARE', 1, True),
  (E'FL', E'FLORIDA', 1, True),
  (E'GA', E'GEORGIA', 1, True),
  (E'HI', E'HAWAII', 1, True),
  (E'IA', E'IOWA', 1, True),
  (E'ID', E'IDAHO', 1, True),
  (E'IL', E'ILLINOIS', 1, True),
  (E'IN', E'INDIANA', 1, True),
  (E'KS', E'KANSAS', 1, True),
  (E'KY', E'KENTUCKY', 1, True),
  (E'LA', E'LOUISIANA', 1, True),
  (E'MA', E'MASSACHUSETTS', 1, True),
  (E'MD', E'MARYLAND', 1, True),
  (E'ME', E'MAINE', 1, True),
  (E'MI', E'MICHIGAN', 1, True),
  (E'MN', E'MINNESOTA', 1, True),
  (E'MO', E'MISSOURI', 1, True),
  (E'MS', E'MISSISSIPPI', 1, True),
  (E'MT', E'MONTANA', 1, True),
  (E'NC', E'NORTH CAROLINA', 1, True),
  (E'ND', E'NORTH DAKOTA', 1, True),
  (E'NE', E'NEBRASKA', 1, True),
  (E'NH', E'NEW HAMPSHIRE', 1, True),
  (E'NJ', E'NEW JERSEY', 1, True),
  (E'NM', E'NEW MEXICO', 1, True),
  (E'NV', E'NEVADA', 1, True),
  (E'NY', E'NEW YORK', 1, True),
  (E'OH', E'OHIO', 1, True),
  (E'OK', E'OKLAHOMA', 1, True),
  (E'OR', E'OREGON', 1, True),
  (E'PA', E'PENNSYLVANIA', 1, True),
  (E'RI', E'RHODE ISLAND', 1, True),
  (E'SC', E'SOUTH CAROLINA', 1, True),
  (E'SD', E'SOUTH DAKOTA', 1, True),
  (E'TN', E'TENNESSEE', 1, True),
  (E'TX', E'TEXAS', 1, True),
  (E'UT', E'UTAH', 1, True),
  (E'VA', E'VIRGINIA', 1, True),
  (E'VT', E'VERMONT', 1, True),
  (E'WA', E'WASHINGTON', 1, True),
  (E'WI', E'WISCONSIN', 1, True),
  (E'WV', E'WEST VIRGINIA', 1, True),
  (E'WY', E'WYOMING', 1, True),
  (E'A0', E'ALBERTA', 2, True),
  (E'A1', E'BRITISH COLUMBIA', 2, True),
  (E'A2', E'MANITOBA', 2, True),
  (E'A3', E'NEW BRUNSWICK', 2, True),
  (E'A4', E'NEWFOUNDLAND', 2, True),
  (E'A5', E'NOVA SCOTIA', 2, True),
  (E'A6', E'ONTARIO', 2, True),
  (E'A7', E'PRINCE EDWARD ISLAND', 2, True),
  (E'A8', E'QUEBEC', 2, True),
  (E'A9', E'SASKATCHEWAN', 2, True),
  (E'B0', E'YUKON', 2, True),
  (E'1A', E'ANGUILLA', 3, True),
  (E'1B', E'ARMENIA', 3, True),
  (E'1C', E'ARUBA', 3, True),
  (E'1D', E'AZERBAIJAN', 3, True),
  (E'1E', E'BOSNIA AND HERZEGOVINA', 3, True),
  (E'1F', E'BELARUS', 3, True),
  (E'1G', E'DJIBOUTI', 3, True),
  (E'1H', E'ESTONIA', 3, True),
  (E'1J', E'ERITREA', 3, True),
  (E'1K', E'MICRONESIA, FEDERATED STATES OF', 3, True),
  (E'1L', E'SOUTH GEORGIA AND THE SOUTH SANDWICH ISLANDS', 3, True),
  (E'1M', E'CROATIA', 3, True),
  (E'1N', E'KYRGYZSTAN', 3, True),
  (E'1P', E'KAZAKSTAN', 3, True),
  (E'1Q', E'LITHUANIA', 3, True),
  (E'1R', E'LATVIA', 3, True),
  (E'1S', E'MOLDOVA, REPUBLIC OF', 3, True),
  (E'1T', E'MARSHALL ISLANDS', 3, True),
  (E'1U', E'MACEDONIA, THE FORMER YUGOSLAV REPUBLIC OF', 3, True),
  (E'1V', E'NORTHERN MARIANA ISLANDS', 3, True),
  (E'1W', E'NEW CALEDONIA', 3, True),
  (E'1X', E'PALESTINIAN TERRITORY, OCCUPIED', 3, True),
  (E'1Y', E'PALAU', 3, True),
  (E'1Z', E'RUSSIAN FEDERATION', 3, True),
  (E'2A', E'SLOVENIA', 3, True),
  (E'2B', E'SLOVAKIA', 3, True),
  (E'2C', E'FRENCH SOUTHERN TERRITORIES', 3, True),
  (E'2D', E'TAJIKISTAN', 3, True),
  (E'2E', E'TURKMENISTAN', 3, True),
  (E'2G', E'TUVALU', 3, True),
  (E'2H', E'UKRAINE', 3, True),
  (E'2J', E'UNITED STATES MINOR OUTLYING ISLANDS', 3, True),
  (E'2K', E'UZBEKISTAN', 3, True),
  (E'2L', E'VANUATU', 3, True),
  (E'2M', E'GERMANY', 3, True),
  (E'2N', E'CZECH REPUBLIC', 3, True),
  (E'2P', E'MAYOTTE', 3, True),
  (E'2Q', E'GEORGIA', 3, True),
  (E'B1', E'BOTSWANA', 3, True),
  (E'B2', E'AFGHANISTAN', 3, True),
  (E'B3', E'ALBANIA', 3, True),
  (E'B4', E'ALGERIA', 3, True),
  (E'B5', E'AMERICAN SAMOA', 3, True),
  (E'B6', E'ANDORRA', 3, True),
  (E'B7', E'ANGOLA', 3, True),
  (E'B8', E'ANTARCTICA', 3, True),
  (E'B9', E'ANTIGUA AND BARBUDA', 3, True),
  (E'C0', E'UNITED ARAB EMIRATES', 3, True),
  (E'C1', E'ARGENTINA', 3, True),
  (E'C3', E'AUSTRALIA', 3, True),
  (E'C4', E'AUSTRIA', 3, True),
  (E'C5', E'BAHAMAS', 3, True),
  (E'C6', E'BAHRAIN', 3, True),
  (E'C7', E'BANGLADESH', 3, True),
  (E'C8', E'BARBADOS', 3, True),
  (E'C9', E'BELGIUM', 3, True),
  (E'D0', E'BERMUDA', 3, True),
  (E'D1', E'BELIZE', 3, True),
  (E'D2', E'BHUTAN', 3, True),
  (E'D3', E'BOLIVIA', 3, True),
  (E'D4', E'BOUVET ISLAND', 3, True),
  (E'D5', E'BRAZIL', 3, True),
  (E'D6', E'BRITISH INDIAN OCEAN TERRITORY', 3, True),
  (E'D7', E'SOLOMON ISLANDS', 3, True),
  (E'D8', E'VIRGIN ISLANDS, BRITISH', 3, True),
  (E'D9', E'BRUNEI DARUSSALAM', 3, True),
  (E'E0', E'BULGARIA', 3, True),
  (E'E1', E'MYANMAR', 3, True),
  (E'E2', E'BURUNDI', 3, True),
  (E'E3', E'CAMBODIA', 3, True),
  (E'E4', E'CAMEROON', 3, True),
  (E'E8', E'CAPE VERDE', 3, True),
  (E'E9', E'CAYMAN ISLANDS', 3, True),
  (E'F0', E'CENTRAL AFRICAN REPUBLIC', 3, True),
  (E'F1', E'SRI LANKA', 3, True),
  (E'F2', E'CHAD', 3, True),
  (E'F3', E'CHILE', 3, True),
  (E'F4', E'CHINA', 3, True),
  (E'F5', E'TAIWAN', 3, True),
  (E'F6', E'CHRISTMAS ISLAND', 3, True),
  (E'F7', E'COCOS (KEELING) ISLANDS', 3, True),
  (E'F8', E'COLOMBIA', 3, True),
  (E'F9', E'COMOROS', 3, True),
  (E'G0', E'CONGO', 3, True),
  (E'G1', E'COOK ISLANDS', 3, True),
  (E'G2', E'COSTA RICA', 3, True),
  (E'G3', E'CUBA', 3, True),
  (E'G4', E'CYPRUS', 3, True),
  (E'G6', E'BENIN', 3, True),
  (E'G7', E'DENMARK', 3, True),
  (E'G8', E'DOMINICAN REPUBLIC', 3, True),
  (E'G9', E'DOMINICA', 3, True),
  (E'GU', E'GUAM', 3, True),
  (E'H1', E'ECUADOR', 3, True),
  (E'H2', E'EGYPT', 3, True),
  (E'H3', E'EL SALVADOR', 3, True),
  (E'H4', E'EQUATORIAL GUINEA', 3, True),
  (E'H5', E'ETHIOPIA', 3, True),
  (E'H6', E'FAROE ISLANDS', 3, True),
  (E'H7', E'FALKLAND ISLANDS (MALVINAS)', 3, True),
  (E'H8', E'FIJI', 3, True),
  (E'H9', E'FINLAND', 3, True),
  (E'I0', E'FRANCE', 3, True),
  (E'I3', E'FRENCH GUIANA', 3, True),
  (E'I4', E'FRENCH POLYNESIA', 3, True),
  (E'I5', E'GABON', 3, True),
  (E'I6', E'GAMBIA', 3, True),
  (E'J0', E'GHANA', 3, True),
  (E'J1', E'GIBRALTAR', 3, True),
  (E'J2', E'KIRIBATI', 3, True),
  (E'J3', E'GREECE', 3, True),
  (E'J4', E'GREENLAND', 3, True),
  (E'J5', E'GRENADA', 3, True),
  (E'J6', E'GUADELOUPE', 3, True),
  (E'J8', E'GUATEMALA', 3, True),
  (E'J9', E'GUINEA', 3, True),
  (E'K0', E'GUYANA', 3, True),
  (E'K1', E'HAITI', 3, True),
  (E'K2', E'HONDURAS', 3, True),
  (E'K3', E'HONG KONG', 3, True),
  (E'K4', E'HEARD ISLAND AND MCDONALD ISLANDS', 3, True),
  (E'K5', E'HUNGARY', 3, True),
  (E'K6', E'ICELAND', 3, True),
  (E'K7', E'INDIA', 3, True),
  (E'K8', E'INDONESIA', 3, True),
  (E'K9', E'IRAN, ISLAMIC REPUBLIC OF', 3, True),
  (E'L0', E'IRAQ', 3, True),
  (E'L2', E'IRELAND', 3, True),
  (E'L3', E'ISRAEL', 3, True),
  (E'L6', E'ITALY', 3, True),
  (E'L7', E'COTE D''IVOIRE', 3, True),
  (E'L8', E'JAMAICA', 3, True),
  (E'L9', E'SVALBARD AND JAN MAYEN', 3, True),
  (E'M0', E'JAPAN', 3, True),
  (E'M2', E'JORDAN', 3, True),
  (E'M3', E'KENYA', 3, True),
  (E'M4', E'KOREA, DEMOCRATIC PEOPLE''S REPUBLIC OF', 3, True),
  (E'M5', E'KOREA, REPUBLIC OF', 3, True),
  (E'M6', E'KUWAIT', 3, True),
  (E'M7', E'LAO PEOPLE''S DEMOCRATIC REPUBLIC', 3, True),
  (E'M8', E'LEBANON', 3, True),
  (E'M9', E'LESOTHO', 3, True),
  (E'N0', E'LIBERIA', 3, True),
  (E'N1', E'LIBYAN ARAB JAMAHIRIYA', 3, True),
  (E'N2', E'LIECHTENSTEIN', 3, True),
  (E'N4', E'LUXEMBOURG', 3, True),
  (E'N5', E'MACAU', 3, True),
  (E'N6', E'MADAGASCAR', 3, True),
  (E'N7', E'MALAWI', 3, True),
  (E'N8', E'MALAYSIA', 3, True),
  (E'N9', E'MALDIVES', 3, True),
  (E'O0', E'MALI', 3, True),
  (E'O1', E'MALTA', 3, True),
  (E'O2', E'MARTINIQUE', 3, True),
  (E'O3', E'MAURITANIA', 3, True),
  (E'O4', E'MAURITIUS', 3, True),
  (E'O5', E'MEXICO', 3, True),
  (E'O9', E'MONACO', 3, True),
  (E'P0', E'MONGOLIA', 3, True),
  (E'P1', E'MONTSERRAT', 3, True),
  (E'P2', E'MOROCCO', 3, True),
  (E'P3', E'MOZAMBIQUE', 3, True),
  (E'P4', E'OMAN', 3, True),
  (E'P5', E'NAURU', 3, True),
  (E'P6', E'NEPAL', 3, True),
  (E'P7', E'NETHERLANDS', 3, True),
  (E'P8', E'NETHERLANDS ANTILLES', 3, True),
  (E'PR', E'PUERTO RICO', 3, True),
  (E'Q1', E'VIET NAM', 3, True),
  (E'Q2', E'NEW ZEALAND', 3, True),
  (E'Q3', E'NICARAGUA', 3, True),
  (E'Q4', E'NIGER', 3, True),
  (E'Q5', E'NIGERIA', 3, True),
  (E'Q6', E'NIUE', 3, True),
  (E'Q7', E'NORFOLK ISLAND', 3, True),
  (E'Q8', E'NORWAY', 3, True),
  (E'R0', E'PAKISTAN', 3, True),
  (E'R1', E'PANAMA', 3, True),
  (E'R2', E'PAPUA NEW GUINEA', 3, True),
  (E'R4', E'PARAGUAY', 3, True),
  (E'R5', E'PERU', 3, True),
  (E'R6', E'PHILIPPINES', 3, True),
  (E'R8', E'PITCAIRN', 3, True),
  (E'R9', E'POLAND', 3, True),
  (E'S0', E'GUINEA-BISSAU', 3, True),
  (E'S1', E'PORTUGAL', 3, True),
  (E'S3', E'QATAR', 3, True),
  (E'S4', E'REUNION', 3, True),
  (E'S5', E'ROMANIA', 3, True),
  (E'S6', E'RWANDA', 3, True),
  (E'S8', E'SAN MARINO', 3, True),
  (E'S9', E'SAO TOME AND PRINCIPE', 3, True),
  (E'T0', E'SAUDI ARABIA', 3, True),
  (E'T1', E'SENEGAL', 3, True),
  (E'T2', E'SEYCHELLES', 3, True),
  (E'T3', E'SOUTH AFRICA', 3, True),
  (E'T6', E'NAMIBIA', 3, True),
  (E'T7', E'YEMEN', 3, True),
  (E'T8', E'SIERRA LEONE', 3, True),
  (E'U0', E'SINGAPORE', 3, True),
  (E'U1', E'SOMALIA', 3, True),
  (E'U3', E'SPAIN', 3, True),
  (E'U5', E'WESTERN SAHARA', 3, True),
  (E'U7', E'SAINT KITTS AND NEVIS', 3, True),
  (E'U8', E'SAINT HELENA', 3, True),
  (E'U9', E'SAINT LUCIA', 3, True),
  (E'V0', E'SAINT PIERRE AND MIQUELON', 3, True),
  (E'V1', E'SAINT VINCENT AND THE GRENADINES', 3, True),
  (E'V2', E'SUDAN', 3, True),
  (E'V3', E'SURINAME', 3, True),
  (E'V6', E'SWAZILAND', 3, True),
  (E'V7', E'SWEDEN', 3, True),
  (E'V8', E'SWITZERLAND', 3, True),
  (E'V9', E'SYRIAN ARAB REPUBLIC', 3, True),
  (E'VI', E'VIRGIN ISLANDS, U.S.', 3, True),
  (E'W0', E'TANZANIA, UNITED REPUBLIC OF', 3, True),
  (E'W1', E'THAILAND', 3, True),
  (E'W2', E'TOGO', 3, True),
  (E'W3', E'TOKELAU', 3, True),
  (E'W4', E'TONGA', 3, True),
  (E'W5', E'TRINIDAD AND TOBAGO', 3, True),
  (E'W6', E'TUNISIA', 3, True),
  (E'W7', E'TURKS AND CAICOS ISLANDS', 3, True),
  (E'W8', E'TURKEY', 3, True),
  (E'W9', E'UGANDA', 3, True),
  (E'X0', E'UNITED KINGDOM', 3, True),
  (E'X1', E'UNITED STATES', 3, True),
  (E'X2', E'BURKINA FASO', 3, True),
  (E'X3', E'URUGUAY', 3, True),
  (E'X4', E'HOLY SEE (VATICAN CITY STATE)', 3, True),
  (E'X5', E'VENEZUELA', 3, True),
  (E'X8', E'WALLIS AND FUTUNA', 3, True),
  (E'Y0', E'SAMOA', 3, True),
  (E'Y3', E'CONGO, THE DEMOCRATIC REPUBLIC OF THE', 3, True),
  (E'Y4', E'ZAMBIA', 3, True),
  (E'Y5', E'ZIMBABWE', 3, True),
  (E'Y6', E'ALAND ISLANDS', 3, True),
  (E'Y7', E'GUERNSEY', 3, True),
  (E'Y8', E'ISLE OF MAN', 3, True),
  (E'Y9', E'JERSEY', 3, True),
  (E'Z0', E'SAINT BARTHELEMY', 3, True),
  (E'Z1', E'SAINT MARTIN', 3, True),
  (E'Z2', E'SERBIA', 3, True),
  (E'Z3', E'TIMOR-LESTE', 3, True),
  (E'Z4', E'CANADA', 3, True),
  (E'Z5', E'MONTENEGRO', 3, True),
  (E'XX', E'UNKNOWN', 4, True);
