/* Data for the 'usr.t001' table  (Records 1 - 1) */

INSERT INTO usr.t001 ("usrnm", "pwdhsh", "actv")
VALUES 
  (E'dba', E'e076b520fa688ac2b7d0815613ef2d0c5ef26445', True);

/* Data for the 'lc.t001ar05' table  (Records 1 - 6) */

INSERT INTO lc.t001ar05 ("num3", "al3", "al2", "num3m49", "num3iso", "al3iso", "al2iso", "gnmid", "marc", "actv")
VALUES 
  (E'002', E'FFF', E'FF', True, False, False, False, 6255146, E'f', True),
  (E'009', E'UUU', E'UU', True, False, False, False, 6255151, E'po', True),
  (E'010', E'ATA', E'AQ', True, True, True, True, 6255152, E't', True),
  (E'019', E'AME', E'AA', True, False, False, False, 10861432, NULL, True),
  (E'142', E'ABB', E'AB', True, False, False, False, 6255147, E'a', True),
  (E'150', E'EEE', E'EB', True, False, False, False, 6255148, E'e', True);

/* Data for the 'lc.t001ar09' table  (Records 1 - 16) */

INSERT INTO lc.t001ar09 ("num3", "al3", "al2", "num3spr", "num3m49", "num3iso", "al3iso", "al2iso", "gnmid", "marc", "actv")
VALUES 
  (E'003', E'NNN', E'NN', E'019', True, False, False, False, 6255149, E'n', True),
  (E'015', E'NFF', E'NK', E'002', True, False, False, False, 7729887, E'ff', True),
  (E'030', E'ABH', E'AH', E'142', True, False, False, False, 7729894, E'ae', True),
  (E'035', E'ABJ', E'AJ', E'142', True, False, False, False, 7729896, E'as', True),
  (E'039', E'SER', E'SP', E'150', True, False, False, False, 9408658, E'es', True),
  (E'053', E'ANZ', E'AY', E'009', True, False, False, False, 7729898, E'u', True),
  (E'054', E'UML', E'UL', E'009', True, False, False, False, 7729899, E'pome', True),
  (E'057', E'UMC', E'UC', E'009', True, False, False, False, 7729900, E'pott', True),
  (E'061', E'UPL', E'UP', E'009', True, False, False, False, 7729901, E'pops', True),
  (E'062', E'ABV', E'AV', E'142', True, False, False, False, NULL, NULL, True),
  (E'145', E'ABK', E'AK', E'142', True, False, False, False, 7729897, NULL, True),
  (E'151', E'EER', E'ED', E'150', True, False, False, False, 7729884, E'ee', True),
  (E'154', E'NEE', E'ND', E'150', True, False, False, False, 7729883, E'en', True),
  (E'155', E'WEE', E'WE', E'150', True, False, False, False, 9408659, E'ew', True),
  (E'202', E'SSA', E'SQ', E'002', True, False, False, False, 12212804, E'fb', True),
  (E'419', E'LAC', E'LN', E'019', True, False, False, False, 7730009, E'cl', True);

/* Data for the 'lc.t001ar11' table  (Records 1 - 11) */

INSERT INTO lc.t001ar11 ("num3", "al3", "al2", "num3spr", "num3m49", "num3iso", "al3iso", "al2iso", "gnmid", "marc", "actv")
VALUES 
  (E'005', E'SRR', E'SW', E'419', True, False, False, False, 6255150, E's', True),
  (E'011', E'WFF', E'WQ', E'202', True, False, False, False, 7729885, E'fw', True),
  (E'013', E'CAA', E'CE', E'419', True, False, False, False, 7729892, E'nc', True),
  (E'014', E'EFF', E'EK', E'202', True, False, False, False, 7729889, E'fe', True),
  (E'017', E'MFF', E'MJ', E'202', True, False, False, False, 7729886, E'fc', True),
  (E'018', E'SFF', E'ZF', E'202', True, False, False, False, 9406051, E'fs', True),
  (E'021', E'NNM', E'NM', E'003', True, False, False, False, 7729890, E'n', True),
  (E'029', E'CRB', E'CB', E'419', True, False, False, False, 7729891, E'cc', True),
  (E'034', E'ADA', E'DA', E'062', True, False, False, False, 7729895, E'az', True),
  (E'143', E'ADS', E'DS', E'062', True, False, False, False, 7729893, E'ac', True),
  (E'830', E'IMC', E'IA', E'154', True, False, False, False, 3042400, NULL, True);

/* Data for the 'lc.t001ar15' table  (Records 1 - 138) */

INSERT INTO lc.t001ar15 ("num3", "al3", "al2", "num3spr", "num3m49", "num3iso", "al3iso", "al2iso", "gnmid", "marc", "edgar", "actv")
VALUES 
  (E'128', E'CTE', E'CT', E'057', True, True, True, True, 7521592, NULL, NULL, False),
  (E'200', E'CSK', E'CS', E'151', True, True, True, True, 8505031, NULL, NULL, False),
  (E'274', E'GZS', E'GZ', E'145', True, False, False, False, 281132, NULL, NULL, False),
  (E'278', E'DDR', E'DD', E'155', True, True, True, True, 8354410, NULL, NULL, False),
  (E'280', E'DEU', E'DE', E'155', True, True, True, True, 11612754, NULL, NULL, False),
  (E'396', E'JTN', E'JT', E'057', True, True, True, True, 5854931, NULL, NULL, False),
  (E'488', E'MID', E'MI', E'057', True, True, True, True, 5854943, NULL, NULL, False),
  (E'582', E'PCI', E'PC', E'057', True, True, True, True, 7670833, NULL, NULL, False),
  (E'650', E'RKI', E'RK', E'030', True, False, False, False, 1855629, NULL, NULL, True),
  (E'705', E'SVN', E'SI', E'039', True, True, True, True, 3190538, NULL, E'2A', True),
  (E'703', E'SVK', E'SK', E'151', True, True, True, True, 3057568, NULL, E'2B', True),
  (E'798', E'TUV', E'TV', E'061', True, True, True, True, 2110297, NULL, E'2G', True),
  (E'804', E'UKR', E'UA', E'151', True, True, True, True, 690791, NULL, E'2H', True),
  (E'581', E'UMI', E'UM', E'057', True, True, True, True, 5854968, NULL, E'2J', True),
  (E'548', E'VUT', E'VU', E'054', True, True, True, True, 2134431, NULL, E'2L', True),
  (E'276', E'DEU', E'DE', E'155', True, True, True, True, 2921044, NULL, E'2M', True),
  (E'203', E'CZE', E'CZ', E'151', True, True, True, True, 3077311, NULL, E'2N', True),
  (E'268', E'GEO', E'GE', E'145', True, True, True, True, 614540, NULL, E'2Q', True),
  (E'008', E'ALB', E'AL', E'039', True, True, True, True, 783754, NULL, E'B3', True),
  (E'012', E'DZA', E'DZ', E'015', True, True, True, True, 2589581, NULL, E'B4', True),
  (E'016', E'ASM', E'AS', E'061', True, True, True, True, 5880801, NULL, E'B5', True),
  (E'020', E'AND', E'AD', E'039', True, True, True, True, 3041565, NULL, E'B6', True),
  (E'784', E'ARE', E'AE', E'145', True, True, True, True, 290557, NULL, E'C0', True),
  (E'036', E'AUS', E'AU', E'053', True, True, True, True, 2077456, NULL, E'C3', True),
  (E'040', E'AUT', E'AT', E'155', True, True, True, True, 2782113, NULL, E'C4', True),
  (E'048', E'BHR', E'BH', E'145', True, True, True, True, 290291, NULL, E'C6', True),
  (E'056', E'BEL', E'BE', E'155', True, True, True, True, 2802361, NULL, E'C9', True),
  (E'090', E'SLB', E'SB', E'054', True, True, True, True, 2103350, NULL, E'D7', True),
  (E'096', E'BRN', E'BN', E'035', True, True, True, True, 1820814, NULL, E'D9', True),
  (E'100', E'BGR', E'BG', E'151', True, True, True, True, 732800, NULL, E'E0', True),
  (E'104', E'MMR', E'MM', E'035', True, True, True, True, 1327865, NULL, E'E1', True),
  (E'116', E'KHM', E'KH', E'035', True, True, True, True, 1831722, NULL, E'E3', True),
  (E'156', E'CHN', E'CN', E'030', True, True, True, True, 1814991, NULL, E'F4', True),
  (E'158', E'TWN', E'TW', E'030', False, True, True, True, 1668284, NULL, E'F5', True),
  (E'162', E'CXR', E'CX', E'053', True, True, True, True, 2078138, NULL, E'F6', True),
  (E'166', E'CCK', E'CC', E'053', True, True, True, True, 1547376, NULL, E'F7', True),
  (E'184', E'COK', E'CK', E'061', True, True, True, True, 1899402, NULL, E'G1', True),
  (E'196', E'CYP', E'CY', E'145', True, True, True, True, 146669, NULL, E'G4', True),
  (E'208', E'DNK', E'DK', E'154', True, True, True, True, 2623032, NULL, E'G7', True),
  (E'316', E'GUM', E'GU', E'057', True, True, True, True, 4043988, NULL, E'GU', True),
  (E'818', E'EGY', E'EG', E'015', True, True, True, True, 357994, NULL, E'H2', True),
  (E'234', E'FRO', E'FO', E'154', True, True, True, True, 2622320, NULL, E'H6', True),
  (E'242', E'FJI', E'FJ', E'054', True, True, True, True, 2205218, NULL, E'H8', True),
  (E'246', E'FIN', E'FI', E'154', True, True, True, True, 660013, NULL, E'H9', True),
  (E'250', E'FRA', E'FR', E'155', True, True, True, True, 3017382, NULL, E'I0', True),
  (E'258', E'PYF', E'PF', E'061', True, True, True, True, 4030656, NULL, E'I4', True),
  (E'292', E'GIB', E'GI', E'039', True, True, True, True, 2411586, NULL, E'J1', True),
  (E'296', E'KIR', E'KI', E'057', True, True, True, True, 4030945, NULL, E'J2', True),
  (E'720', E'YMD', E'YD', E'145', True, True, True, True, 8505034, NULL, NULL, False),
  (E'051', E'ARM', E'AM', E'145', True, True, True, True, 174982, NULL, E'1B', True),
  (E'810', E'SUN', E'SU', E'151', True, True, True, True, 8354411, NULL, NULL, False),
  (E'849', E'PUS', E'PU', E'057', True, True, True, True, NULL, NULL, NULL, False),
  (E'872', E'WAK', E'WK', E'057', True, True, True, True, 4041685, NULL, NULL, False),
  (E'031', E'AZE', E'AZ', E'145', True, True, True, True, 587116, NULL, E'1D', True),
  (E'886', E'YAR', E'YA', E'145', True, True, False, False, NULL, NULL, NULL, False),
  (E'890', E'YUG', E'YU', E'039', True, True, True, True, 7500737, NULL, NULL, False),
  (E'891', E'YUG', E'YU', E'039', True, True, True, True, 8505033, NULL, NULL, False),
  (E'070', E'BIH', E'BA', E'039', True, True, True, True, 3277605, NULL, E'1E', True),
  (E'112', E'BLR', E'BY', E'151', True, True, True, True, 630336, NULL, E'1F', True),
  (E'233', E'EST', E'EE', E'154', True, True, True, True, 453733, NULL, E'1H', True),
  (E'583', E'FSM', E'FM', E'057', True, True, True, True, 2081918, NULL, E'1K', True),
  (E'191', E'HRV', E'HR', E'039', True, True, True, True, 3202326, NULL, E'1M', True),
  (E'440', E'LTU', E'LT', E'154', True, True, True, True, 597427, NULL, E'1Q', True),
  (E'428', E'LVA', E'LV', E'154', True, True, True, True, 458258, NULL, E'1R', True),
  (E'498', E'MDA', E'MD', E'151', True, True, True, True, 617790, NULL, E'1S', True),
  (E'584', E'MHL', E'MH', E'057', True, True, True, True, 2080185, NULL, E'1T', True),
  (E'807', E'MKD', E'MK', E'039', True, True, True, True, 718075, NULL, E'1U', True),
  (E'580', E'MNP', E'MP', E'057', True, True, True, True, 4041468, NULL, E'1V', True),
  (E'540', E'NCL', E'NC', E'054', True, True, True, True, 2139685, NULL, E'1W', True),
  (E'275', E'PSE', E'PS', E'145', True, True, True, True, 6254930, NULL, E'1X', True),
  (E'585', E'PLW', E'PW', E'057', True, True, True, True, 1559582, NULL, E'1Y', True),
  (E'643', E'RUS', E'RU', E'151', True, True, True, True, 2017370, NULL, E'1Z', True),
  (E'300', E'GRC', E'GR', E'039', True, True, True, True, 390903, NULL, E'J3', True),
  (E'344', E'HKG', E'HK', E'030', True, True, True, True, 1819730, NULL, E'K3', True),
  (E'334', E'HMD', E'HM', E'053', True, True, True, True, 1547314, NULL, E'K4', True),
  (E'348', E'HUN', E'HU', E'151', True, True, True, True, 719819, NULL, E'K5', True),
  (E'352', E'ISL', E'IS', E'154', True, True, True, True, 2629691, NULL, E'K6', True),
  (E'360', E'IDN', E'ID', E'035', True, True, True, True, 1643084, NULL, E'K8', True),
  (E'368', E'IRQ', E'IQ', E'145', True, True, True, True, 99237, NULL, E'L0', True),
  (E'372', E'IRL', E'IE', E'154', True, True, True, True, 2963597, NULL, E'L2', True),
  (E'376', E'ISR', E'IL', E'145', True, True, True, True, 294640, NULL, E'L3', True),
  (E'380', E'ITA', E'IT', E'039', True, True, True, True, 3175395, NULL, E'L6', True),
  (E'744', E'SJM', E'SJ', E'154', True, True, True, True, 607072, NULL, E'L9', True),
  (E'392', E'JPN', E'JP', E'030', True, True, True, True, 1861060, NULL, E'M0', True),
  (E'400', E'JOR', E'JO', E'145', True, True, True, True, 248816, NULL, E'M2', True),
  (E'408', E'PRK', E'KP', E'030', True, True, True, True, 1873107, NULL, E'M4', True),
  (E'410', E'KOR', E'KR', E'030', True, True, True, True, 1835841, NULL, E'M5', True),
  (E'414', E'KWT', E'KW', E'145', True, True, True, True, 285570, NULL, E'M6', True),
  (E'418', E'LAO', E'LA', E'035', True, True, True, True, 1655842, NULL, E'M7', True),
  (E'422', E'LBN', E'LB', E'145', True, True, True, True, 272103, NULL, E'M8', True),
  (E'434', E'LBY', E'LY', E'015', True, True, True, True, 2215636, NULL, E'N1', True),
  (E'438', E'LIE', E'LI', E'155', True, True, True, True, 3042058, NULL, E'N2', True),
  (E'442', E'LUX', E'LU', E'155', True, True, True, True, 2960313, NULL, E'N4', True),
  (E'446', E'MAC', E'MO', E'030', True, True, True, True, 1821275, NULL, E'N5', True),
  (E'458', E'MYS', E'MY', E'035', True, True, True, True, 1733045, NULL, E'N8', True),
  (E'470', E'MLT', E'MT', E'039', True, True, True, True, 2562770, NULL, E'O1', True),
  (E'492', E'MCO', E'MC', E'155', True, True, True, True, 2993457, NULL, E'O9', True),
  (E'496', E'MNG', E'MN', E'030', True, True, True, True, 2029969, NULL, E'P0', True),
  (E'504', E'MAR', E'MA', E'015', True, True, True, True, 2542007, NULL, E'P2', True),
  (E'512', E'OMN', E'OM', E'145', True, True, True, True, 286963, NULL, E'P4', True),
  (E'520', E'NRU', E'NR', E'057', True, True, True, True, 2110425, NULL, E'P5', True),
  (E'528', E'NLD', E'NL', E'155', True, True, True, True, 2750405, NULL, E'P7', True),
  (E'704', E'VNM', E'VN', E'035', True, True, True, True, 1562822, NULL, E'Q1', True),
  (E'554', E'NZL', E'NZ', E'053', True, True, True, True, 2186224, NULL, E'Q2', True),
  (E'570', E'NIU', E'NU', E'061', True, True, True, True, 4036232, NULL, E'Q6', True),
  (E'574', E'NFK', E'NF', E'053', True, True, True, True, 2155115, NULL, E'Q7', True),
  (E'578', E'NOR', E'NO', E'154', True, True, True, True, 3144096, NULL, E'Q8', True),
  (E'598', E'PNG', E'PG', E'054', True, True, True, True, 2088628, NULL, E'R2', True),
  (E'608', E'PHL', E'PH', E'035', True, True, True, True, 1694008, NULL, E'R6', True),
  (E'612', E'PCN', E'PN', E'061', True, True, True, True, 4030699, NULL, E'R8', True),
  (E'616', E'POL', E'PL', E'151', True, True, True, True, 798544, NULL, E'R9', True),
  (E'620', E'PRT', E'PT', E'039', True, True, True, True, 2264397, NULL, E'S1', True),
  (E'634', E'QAT', E'QA', E'145', True, True, True, True, 289688, NULL, E'S3', True),
  (E'642', E'ROU', E'RO', E'151', True, True, True, True, 798549, NULL, E'S5', True),
  (E'674', E'SMR', E'SM', E'039', True, True, True, True, 3168068, NULL, E'S8', True),
  (E'682', E'SAU', E'SA', E'145', True, True, True, True, 102358, NULL, E'T0', True),
  (E'887', E'YEM', E'YE', E'145', True, True, True, True, 69543, NULL, E'T7', True),
  (E'702', E'SGP', E'SG', E'035', True, True, True, True, 1880251, NULL, E'U0', True),
  (E'724', E'ESP', E'ES', E'039', True, True, True, True, 2510769, NULL, E'U3', True),
  (E'732', E'ESH', E'EH', E'015', True, True, True, True, 2461445, NULL, E'U5', True),
  (E'729', E'SDN', E'SD', E'015', True, True, True, True, 366755, NULL, E'V2', True),
  (E'752', E'SWE', E'SE', E'154', True, True, True, True, 2661886, NULL, E'V7', True),
  (E'756', E'CHE', E'CH', E'155', True, True, True, True, 2658434, NULL, E'V8', True),
  (E'760', E'SYR', E'SY', E'145', True, True, True, True, 163843, NULL, E'V9', True),
  (E'764', E'THA', E'TH', E'035', True, True, True, True, 1605651, NULL, E'W1', True),
  (E'772', E'TKL', E'TK', E'061', True, True, True, True, 4031074, NULL, E'W3', True),
  (E'776', E'TON', E'TO', E'061', True, True, True, True, 4032283, NULL, E'W4', True),
  (E'788', E'TUN', E'TN', E'015', True, True, True, True, 2464461, NULL, E'W6', True),
  (E'792', E'TUR', E'TR', E'145', True, True, True, True, 298795, NULL, E'W8', True),
  (E'826', E'GBR', E'GB', E'154', True, True, True, True, 2635167, NULL, E'X0', True),
  (E'336', E'VAT', E'VA', E'039', True, True, True, True, 3164670, NULL, E'X4', True),
  (E'876', E'WLF', E'WF', E'061', True, True, True, True, 4034749, NULL, E'X8', True),
  (E'882', E'WSM', E'WS', E'061', True, True, True, True, 4034894, NULL, E'Y0', True),
  (E'248', E'ALA', E'AX', E'154', True, True, True, True, 661882, NULL, E'Y6', True),
  (E'833', E'IMN', E'IM', E'154', True, True, True, True, 3042225, NULL, E'Y8', True),
  (E'688', E'SRB', E'RS', E'039', True, True, True, True, 6290252, NULL, E'Z2', True),
  (E'626', E'TLS', E'TL', E'035', True, True, True, True, 1966436, NULL, E'Z3', True),
  (E'499', E'MNE', E'ME', E'039', True, True, True, True, 3194884, NULL, E'Z5', True);

/* Data for the 'lc.t001ar17' table  (Records 1 - 129) */

INSERT INTO lc.t001ar17 ("num3", "al3", "al2", "num3spr", "num3m49", "num3iso", "al3iso", "al2iso", "gnmid", "marc", "edgar", "actv")
VALUES 
  (E'532', E'ANT', E'AN', E'029', True, False, True, True, 8505032, NULL, NULL, False),
  (E'531', E'CUW', E'CW', E'029', True, True, True, True, 7626836, NULL, NULL, True),
  (E'534', E'SXM', E'SX', E'029', True, True, True, True, 7609695, NULL, NULL, True),
  (E'535', E'BES', E'BQ', E'029', True, True, True, True, 7626844, NULL, NULL, True),
  (E'680', E'CRQ', E'CQ', E'830', True, True, True, True, 3042282, NULL, NULL, True),
  (E'060', E'BMU', E'BM', E'021', True, True, True, True, 3573345, NULL, E'D0', True),
  (E'084', E'BLZ', E'BZ', E'013', True, True, True, True, 3582678, NULL, E'D1', True),
  (E'064', E'BTN', E'BT', E'034', True, True, True, True, 1252634, NULL, E'D2', True),
  (E'068', E'BOL', E'BO', E'005', True, True, True, True, 3923057, NULL, E'D3', True),
  (E'074', E'BVT', E'BV', E'005', True, True, True, True, 3371123, NULL, E'D4', True),
  (E'076', E'BRA', E'BR', E'005', True, True, True, True, 3469034, NULL, E'D5', True),
  (E'086', E'IOT', E'IO', E'014', True, True, True, True, 1282588, NULL, E'D6', True),
  (E'092', E'VGB', E'VG', E'029', True, True, True, True, 3577718, NULL, E'D8', True),
  (E'108', E'BDI', E'BI', E'014', True, True, True, True, 433561, NULL, E'E2', True),
  (E'120', E'CMR', E'CM', E'017', True, True, True, True, 2233387, NULL, E'E4', True),
  (E'132', E'CPV', E'CV', E'011', True, True, True, True, 3374766, NULL, E'E8', True),
  (E'136', E'CYM', E'KY', E'029', True, True, True, True, 3580718, NULL, E'E9', True),
  (E'140', E'CAF', E'CF', E'017', True, True, True, True, 239880, NULL, E'F0', True),
  (E'144', E'LKA', E'LK', E'034', True, True, True, True, 1227603, NULL, E'F1', True),
  (E'148', E'TCD', E'TD', E'017', True, True, True, True, 2434508, NULL, E'F2', True),
  (E'152', E'CHL', E'CL', E'005', True, True, True, True, 3895114, NULL, E'F3', True),
  (E'170', E'COL', E'CO', E'005', True, True, True, True, 3686110, NULL, E'F8', True),
  (E'174', E'COM', E'KM', E'014', True, True, True, True, 921929, NULL, E'F9', True),
  (E'178', E'COG', E'CG', E'017', True, True, True, True, 2260494, NULL, E'G0', True),
  (E'188', E'CRI', E'CR', E'013', True, True, True, True, 3624060, NULL, E'G2', True),
  (E'192', E'CUB', E'CU', E'029', True, True, True, True, 3562981, NULL, E'G3', True),
  (E'204', E'BEN', E'BJ', E'011', True, True, True, True, 2395170, NULL, E'G6', True),
  (E'214', E'DOM', E'DO', E'029', True, True, True, True, 3508796, NULL, E'G8', True),
  (E'212', E'DMA', E'DM', E'029', True, True, True, True, 3575830, NULL, E'G9', True),
  (E'218', E'ECU', E'EC', E'005', True, True, True, True, 3658394, NULL, E'H1', True),
  (E'222', E'SLV', E'SV', E'013', True, True, True, True, 3585968, NULL, E'H3', True),
  (E'226', E'GNQ', E'GQ', E'017', True, True, True, True, 2309096, NULL, E'H4', True),
  (E'231', E'ETH', E'ET', E'014', True, True, True, True, 337996, NULL, E'H5', True),
  (E'238', E'FLK', E'FK', E'005', True, True, True, True, 3474414, NULL, E'H7', True),
  (E'254', E'GUF', E'GF', E'005', True, True, True, True, 3381670, NULL, E'I3', True),
  (E'266', E'GAB', E'GA', E'017', True, True, True, True, 2400553, NULL, E'I5', True),
  (E'270', E'GMB', E'GM', E'011', True, True, True, True, 2413451, NULL, E'I6', True),
  (E'288', E'GHA', E'GH', E'011', True, True, True, True, 2300660, NULL, E'J0', True),
  (E'304', E'GRL', E'GL', E'021', True, True, True, True, 3425505, NULL, E'J4', True),
  (E'308', E'GRD', E'GD', E'029', True, True, True, True, 3580239, NULL, E'J5', True),
  (E'312', E'GLP', E'GP', E'029', True, True, True, True, 3579143, NULL, E'J6', True),
  (E'320', E'GTM', E'GT', E'013', True, True, True, True, 3595528, NULL, E'J8', True),
  (E'728', E'SSD', E'SS', E'014', True, True, True, True, 7909807, NULL, NULL, True),
  (E'660', E'AIA', E'AI', E'029', True, True, True, True, 3573511, NULL, E'1A', True),
  (E'533', E'ABW', E'AW', E'029', True, True, True, True, 3577279, NULL, E'1C', True),
  (E'262', E'DJI', E'DJ', E'014', True, True, True, True, 223816, NULL, E'1G', True),
  (E'232', E'ERI', E'ER', E'014', True, True, True, True, 338010, NULL, E'1J', True),
  (E'239', E'SGS', E'GS', E'005', True, True, True, True, 3474415, NULL, E'1L', True),
  (E'417', E'KGZ', E'KG', E'143', True, True, True, True, 1527747, NULL, E'1N', True),
  (E'398', E'KAZ', E'KZ', E'143', True, True, True, True, 1522867, NULL, E'1P', True),
  (E'260', E'ATF', E'TF', E'014', True, True, True, True, 1546748, NULL, E'2C', True),
  (E'762', E'TJK', E'TJ', E'143', True, True, True, True, 1220409, NULL, E'2D', True),
  (E'795', E'TKM', E'TM', E'143', True, True, True, True, 1218197, NULL, E'2E', True),
  (E'860', E'UZB', E'UZ', E'143', True, True, True, True, 1512440, NULL, E'2K', True),
  (E'175', E'MYT', E'YT', E'014', True, True, True, True, 1024031, NULL, E'2P', True),
  (E'072', E'BWA', E'BW', E'018', True, True, True, True, 933860, NULL, E'B1', True),
  (E'004', E'AFG', E'AF', E'034', True, True, True, True, 1149361, NULL, E'B2', True),
  (E'024', E'AGO', E'AO', E'017', True, True, True, True, 3351879, NULL, E'B7', True),
  (E'028', E'ATG', E'AG', E'029', True, True, True, True, 3576396, NULL, E'B9', True),
  (E'032', E'ARG', E'AR', E'005', True, True, True, True, 3865483, NULL, E'C1', True),
  (E'044', E'BHS', E'BS', E'029', True, True, True, True, 3572887, NULL, E'C5', True),
  (E'050', E'BGD', E'BD', E'034', True, True, True, True, 1210997, NULL, E'C7', True),
  (E'052', E'BRB', E'BB', E'029', True, True, True, True, 3374084, NULL, E'C8', True),
  (E'324', E'GIN', E'GN', E'011', True, True, True, True, 2420477, NULL, E'J9', True),
  (E'328', E'GUY', E'GY', E'005', True, True, True, True, 3378535, NULL, E'K0', True),
  (E'332', E'HTI', E'HT', E'029', True, True, True, True, 3723988, NULL, E'K1', True),
  (E'340', E'HND', E'HN', E'013', True, True, True, True, 3608932, NULL, E'K2', True),
  (E'356', E'IND', E'IN', E'034', True, True, True, True, 1269750, NULL, E'K7', True),
  (E'364', E'IRN', E'IR', E'034', True, True, True, True, 130758, NULL, E'K9', True),
  (E'384', E'CIV', E'CI', E'011', True, True, True, True, 2287781, NULL, E'L7', True),
  (E'388', E'JAM', E'JM', E'029', True, True, True, True, 3489940, NULL, E'L8', True),
  (E'404', E'KEN', E'KE', E'014', True, True, True, True, 192950, NULL, E'M3', True),
  (E'426', E'LSO', E'LS', E'018', True, True, True, True, 932692, NULL, E'M9', True),
  (E'430', E'LBR', E'LR', E'011', True, True, True, True, 2275384, NULL, E'N0', True),
  (E'450', E'MDG', E'MG', E'014', True, True, True, True, 1062947, NULL, E'N6', True),
  (E'454', E'MWI', E'MW', E'014', True, True, True, True, 927384, NULL, E'N7', True),
  (E'462', E'MDV', E'MV', E'034', True, True, True, True, 1282028, NULL, E'N9', True),
  (E'466', E'MLI', E'ML', E'011', True, True, True, True, 2453866, NULL, E'O0', True),
  (E'474', E'MTQ', E'MQ', E'029', True, True, True, True, 3570311, NULL, E'O2', True),
  (E'478', E'MRT', E'MR', E'011', True, True, True, True, 2378080, NULL, E'O3', True),
  (E'480', E'MUS', E'MU', E'014', True, True, True, True, 934292, NULL, E'O4', True),
  (E'484', E'MEX', E'MX', E'013', True, True, True, True, 3996063, NULL, E'O5', True),
  (E'500', E'MSR', E'MS', E'029', True, True, True, True, 3578097, NULL, E'P1', True),
  (E'508', E'MOZ', E'MZ', E'014', True, True, True, True, 1036973, NULL, E'P3', True),
  (E'524', E'NPL', E'NP', E'034', True, True, True, True, 1282988, NULL, E'P6', True),
  (E'530', E'ANT', E'AN', E'029', False, True, True, True, 8505032, NULL, E'P8', False),
  (E'630', E'PRI', E'PR', E'029', True, True, True, True, 4566966, NULL, E'PR', True),
  (E'558', E'NIC', E'NI', E'013', True, True, True, True, 3617476, NULL, E'Q3', True),
  (E'562', E'NER', E'NE', E'011', True, True, True, True, 2440476, NULL, E'Q4', True),
  (E'566', E'NGA', E'NG', E'011', True, True, True, True, 2328926, NULL, E'Q5', True),
  (E'586', E'PAK', E'PK', E'034', True, True, True, True, 1168579, NULL, E'R0', True),
  (E'591', E'PAN', E'PA', E'013', True, True, True, True, 3703430, NULL, E'R1', True),
  (E'600', E'PRY', E'PY', E'005', True, True, True, True, 3437598, NULL, E'R4', True),
  (E'604', E'PER', E'PE', E'005', True, True, True, True, 3932488, NULL, E'R5', True),
  (E'624', E'GNB', E'GW', E'011', True, True, True, True, 2372248, NULL, E'S0', True),
  (E'638', E'REU', E'RE', E'014', True, True, True, True, 935317, NULL, E'S4', True),
  (E'646', E'RWA', E'RW', E'014', True, True, True, True, 49518, NULL, E'S6', True),
  (E'678', E'STP', E'ST', E'017', True, True, True, True, 2410758, NULL, E'S9', True),
  (E'686', E'SEN', E'SN', E'011', True, True, True, True, 2245662, NULL, E'T1', True),
  (E'690', E'SYC', E'SC', E'014', True, True, True, True, 241170, NULL, E'T2', True),
  (E'710', E'ZAF', E'ZA', E'018', True, True, True, True, 953987, NULL, E'T3', True),
  (E'516', E'NAM', E'NA', E'018', True, True, True, True, 3355338, NULL, E'T6', True),
  (E'694', E'SLE', E'SL', E'011', True, True, True, True, 2403846, NULL, E'T8', True),
  (E'706', E'SOM', E'SO', E'014', True, True, True, True, 51537, NULL, E'U1', True),
  (E'659', E'KNA', E'KN', E'029', True, True, True, True, 3575174, NULL, E'U7', True),
  (E'654', E'SHN', E'SH', E'011', True, True, True, True, 3370751, NULL, E'U8', True),
  (E'662', E'LCA', E'LC', E'029', True, True, True, True, 3576468, NULL, E'U9', True),
  (E'666', E'SPM', E'PM', E'021', True, True, True, True, 3424932, NULL, E'V0', True),
  (E'670', E'VCT', E'VC', E'029', True, True, True, True, 3577815, NULL, E'V1', True),
  (E'740', E'SUR', E'SR', E'005', True, True, True, True, 3382998, NULL, E'V3', True),
  (E'748', E'SWZ', E'SZ', E'018', True, True, True, True, 934841, NULL, E'V6', True),
  (E'850', E'VIR', E'VI', E'029', True, True, True, True, 4796775, NULL, E'VI', True),
  (E'834', E'TZA', E'TZ', E'014', True, True, True, True, 149590, NULL, E'W0', True),
  (E'768', E'TGO', E'TG', E'011', True, True, True, True, 2363686, NULL, E'W2', True),
  (E'780', E'TTO', E'TT', E'029', True, True, True, True, 3573591, NULL, E'W5', True),
  (E'796', E'TCA', E'TC', E'029', True, True, True, True, 3576916, NULL, E'W7', True),
  (E'800', E'UGA', E'UG', E'014', True, True, True, True, 226074, NULL, E'W9', True),
  (E'840', E'USA', E'US', E'021', True, True, True, True, 6252001, NULL, E'X1', True),
  (E'854', E'BFA', E'BF', E'011', True, True, True, True, 2361809, NULL, E'X2', True),
  (E'858', E'URY', E'UY', E'005', True, True, True, True, 3439705, NULL, E'X3', True),
  (E'862', E'VEN', E'VE', E'005', True, True, True, True, 3625428, NULL, E'X5', True),
  (E'180', E'COD', E'CD', E'017', True, True, True, True, 203312, NULL, E'Y3', True),
  (E'894', E'ZMB', E'ZM', E'014', True, True, True, True, 895949, NULL, E'Y4', True),
  (E'716', E'ZWE', E'ZW', E'014', True, True, True, True, 878675, NULL, E'Y5', True),
  (E'831', E'GGY', E'GG', E'830', True, True, True, True, 3042362, NULL, E'Y7', True),
  (E'832', E'JEY', E'JE', E'830', True, True, True, True, 3042142, NULL, E'Y9', True),
  (E'652', E'BLM', E'BL', E'029', True, True, True, True, 3578476, NULL, E'Z0', True),
  (E'663', E'MAF', E'MF', E'029', True, True, True, True, 3578421, NULL, E'Z1', True),
  (E'124', E'CAN', E'CA', E'021', True, True, True, True, 6251999, NULL, E'Z4', True);

/* Data for the 'lc.t840ar01' table  (Records 1 - 500) */

INSERT INTO lc.t840ar01 ("marc", "caption")
VALUES 
  (E'a-af', E'Afghanistan'),
  (E'f', E'Africa'),
  (E'fc', E'Africa, Central'),
  (E'fe', E'Africa, Eastern'),
  (E'fq', E'Africa, French-speaking Equatorial'),
  (E'ff', E'Africa, North'),
  (E'fh', E'Africa, Northeast'),
  (E'fs', E'Africa, Southern'),
  (E'fb', E'Africa, Sub-Saharan'),
  (E'fw', E'Africa, West'),
  (E'n-us-al', E'Alabama'),
  (E'n-us-ak', E'Alaska'),
  (E'e-aa', E'Albania'),
  (E'n-cn-ab', E'Alberta'),
  (E'f-ae', E'Algeria'),
  (E'ea', E'Alps'),
  (E'sa', E'Amazon River'),
  (E'poas', E'American Samoa'),
  (E'aa', E'Amur River (China and Russia)'),
  (E'sn', E'Andes'),
  (E'e-an', E'Andorra'),
  (E'f-ao', E'Angola'),
  (E'nwxa', E'Anguilla'),
  (E'a-cc-an', E'Anhui Sheng (China)'),
  (E't', E'Antarctic Ocean; Antarctica'),
  (E'-t-ay', E'Antarctica'),
  (E'nwaq', E'Antigua and Barbuda'),
  (E'nwla', E'Antilles, Lesser'),
  (E'n-usa', E'Appalachian Mountains'),
  (E'ma', E'Arab countries'),
  (E'ar', E'Arabian Peninsula'),
  (E'au', E'Arabian Sea'),
  (E'r', E'Arctic Ocean; Arctic regions'),
  (E's-ag', E'Argentina'),
  (E'n-us-az', E'Arizona'),
  (E'n-us-ar', E'Arkansas'),
  (E'a-ai', E'Armenia (Republic)'),
  (E'-e-ur-ai', E'Armenia (Republic)'),
  (E'nwaw', E'Aruba'),
  (E'lsai', E'Ascension Island (Atlantic Ocean)'),
  (E'u-ac', E'Ashmore and Cartier Islands'),
  (E'a', E'Asia'),
  (E'ac', E'Asia, Central'),
  (E'l', E'Atlantic Ocean'),
  (E'fa', E'Atlas Mountains'),
  (E'u', E'Australasia'),
  (E'u-at', E'Australia'),
  (E'u-at-ac', E'Australian Capital Territory'),
  (E'e-au', E'Austria'),
  (E'a-aj', E'Azerbaijan'),
  (E'-e-ur-aj', E'Azerbaijan'),
  (E'lnaz', E'Azores'),
  (E'nwbf', E'Bahamas'),
  (E'a-ba', E'Bahrain'),
  (E'ed', E'Balkan Peninsula'),
  (E'eb', E'Baltic States'),
  (E'a-bg', E'Bangladesh'),
  (E'nwbb', E'Barbados'),
  (E'-nwbc', E'Barbuda'),
  (E'a-cc-pe', E'Beijing (China)'),
  (E'-e-ur-bw', E'Belarus'),
  (E'e-bw', E'Belarus'),
  (E'e-be', E'Belgium'),
  (E'ncbh', E'Belize'),
  (E'el', E'Benelux countries'),
  (E'ab', E'Bengal, Bay of'),
  (E'f-dm', E'Benin'),
  (E'lnbm', E'Bermuda Islands'),
  (E'a-bt', E'Bhutan'),
  (E'-f-by', E'Biafra'),
  (E'mb', E'Black Sea'),
  (E'a-ccp', E'Bo Hai (China)'),
  (E's-bo', E'Bolivia'),
  (E'nwbn', E'Bonaire'),
  (E'a-bn', E'Borneo'),
  (E'e-bn', E'Bosnia and Herzegovina'),
  (E'f-bs', E'Botswana'),
  (E'lsbv', E'Bouvet Island'),
  (E's-bl', E'Brazil'),
  (E'n-cn-bc', E'British Columbia'),
  (E'i-bi', E'British Indian Ocean Territory'),
  (E'nwvb', E'British Virgin Islands'),
  (E'a-bx', E'Brunei'),
  (E'e-bu', E'Bulgaria'),
  (E'f-uv', E'Burkina Faso'),
  (E'a-br', E'Burma'),
  (E'f-bd', E'Burundi'),
  (E'lncv', E'Cabo Verde'),
  (E'n-us-ca', E'California'),
  (E'a-cb', E'Cambodia'),
  (E'f-cm', E'Cameroon'),
  (E'n-cn', E'Canada'),
  (E'nccz', E'Canal Zone'),
  (E'lnca', E'Canary Islands'),
  (E'-pocp', E'Canton and Enderbury Islands'),
  (E'cc', E'Caribbean Area; Caribbean Sea'),
  (E'poci', E'Caroline Islands'),
  (E'ak', E'Caspian Sea'),
  (E'e-urk', E'Caucasus'),
  (E'e-urr', E'Caucasus, Northern (Russia)'),
  (E'nwcj', E'Cayman Islands'),
  (E'f-cx', E'Central African Republic'),
  (E'nc', E'Central America'),
  (E'u-atc', E'Central Australia'),
  (E'e-urc', E'Central Chernozem Region (Russia)'),
  (E'-e-url', E'Central Region, RSFSR'),
  (E'f-cd', E'Chad'),
  (E's-cl', E'Chile'),
  (E'a-cc', E'China'),
  (E'a-cc-cq', E'Chongqing (China)'),
  (E'i-xa', E'Christmas Island (Indian Ocean)'),
  (E'-cr', E'Circumcaribbean'),
  (E'i-xb', E'Cocos (Keeling) Islands'),
  (E'q', E'Cold regions'),
  (E's-ck', E'Colombia'),
  (E'n-us-co', E'Colorado'),
  (E'b', E'Commonwealth countries'),
  (E'-v', E'Communist countries'),
  (E'i-cq', E'Comoros'),
  (E'f-cf', E'Congo (Brazzaville)'),
  (E'f-cg', E'Congo (Democratic Republic)'),
  (E'fg', E'Congo River'),
  (E'n-us-ct', E'Connecticut'),
  (E'pocw', E'Cook Islands'),
  (E'u-cs', E'Coral Sea Islands'),
  (E'nccr', E'Costa Rica'),
  (E'f-iv', E'Côte d''Ivoire'),
  (E'e-ci', E'Croatia'),
  (E'nwcu', E'Cuba'),
  (E'nwco', E'Curaçao'),
  (E'a-cy', E'Cyprus'),
  (E'e-xr', E'Czech Republic'),
  (E'e-cs', E'Czechoslovakia'),
  (E'eo', E'Danube River'),
  (E'zd', E'Deep space'),
  (E'n-us-de', E'Delaware'),
  (E'e-dk', E'Denmark'),
  (E'dd', E'Developed countries'),
  (E'd', E'Developing countries'),
  (E'f-ft', E'Djibouti'),
  (E'nwdq', E'Dominica'),
  (E'nwdr', E'Dominican Republic'),
  (E'x', E'Earth'),
  (E'n-usr', E'East (U.S.)'),
  (E'ae', E'East Asia'),
  (E'an', E'East China Sea'),
  (E'poea', E'Easter Island'),
  (E'u-ate', E'Eastern Australia'),
  (E'xa', E'Eastern Hemisphere'),
  (E's-ec', E'Ecuador'),
  (E'f-ua', E'Egypt'),
  (E'nces', E'El Salvador'),
  (E'e-uk-en', E'England'),
  (E'f-eg', E'Equatorial Guinea'),
  (E'f-ea', E'Eritrea'),
  (E'e-er', E'Estonia'),
  (E'-e-ur-er', E'Estonia'),
  (E'f-sq', E'Eswatini'),
  (E'f-et', E'Ethiopia'),
  (E'me', E'Eurasia'),
  (E'e', E'Europe'),
  (E'ec', E'Europe, Central'),
  (E'-et', E'Europe, East Central'),
  (E'ee', E'Europe, Eastern'),
  (E'en', E'Europe, Northern'),
  (E'es', E'Europe, Southern'),
  (E'ew', E'Europe, Western'),
  (E'lsfk', E'Falkland Islands'),
  (E'lnfa', E'Faroe Islands'),
  (E'pofj', E'Fiji'),
  (E'e-fi', E'Finland'),
  (E'n-us-fl', E'Florida'),
  (E'e-fr', E'France'),
  (E'h', E'French Community'),
  (E's-fg', E'French Guiana'),
  (E'pofp', E'French Polynesia'),
  (E'a-cc-fu', E'Fujian Sheng (China)'),
  (E'f-go', E'Gabon'),
  (E'pogg', E'Galapagos Islands'),
  (E'f-gm', E'Gambia'),
  (E'a-cc-ka', E'Gansu Sheng (China)'),
  (E'awgz', E'Gaza Strip'),
  (E'n-us-ga', E'Georgia'),
  (E'-e-ur-gs', E'Georgia (Republic)'),
  (E'a-gs', E'Georgia (Republic)'),
  (E'e-gx', E'Germany'),
  (E'e-ge', E'Germany (East)'),
  (E'e-gw', E'Germany (West)'),
  (E'f-gh', E'Ghana'),
  (E'e-gi', E'Gibraltar'),
  (E'-pogn', E'Gilbert and Ellice Islands'),
  (E'e-uk', E'Great Britain'),
  (E'-e-uk-ui', E'Great Britain Miscellaneous Island Dependencies'),
  (E'nl', E'Great Lakes (North America); Lake States'),
  (E'np', E'Great Plains'),
  (E'fr', E'Great Rift Valley'),
  (E'-nwga', E'Greater Antilles'),
  (E'e-gr', E'Greece'),
  (E'n-gl', E'Greenland'),
  (E'nwgd', E'Grenada'),
  (E'-nwgs', E'Grenadines'),
  (E'nwgp', E'Guadeloupe'),
  (E'pogu', E'Guam'),
  (E'a-cc-kn', E'Guangdong Sheng (China)'),
  (E'a-cc-kc', E'Guangxi Zhuangzu Zizhiqu (China)'),
  (E'ncgt', E'Guatemala'),
  (E'e-gg', E'Guernsey'),
  (E'f-gv', E'Guinea'),
  (E'f-pg', E'Guinea-Bissau'),
  (E'a-cc-kw', E'Guizhou Sheng (China)'),
  (E's-gy', E'Guyana'),
  (E'a-cc-ha', E'Hainan Sheng (China)'),
  (E'nwht', E'Haiti'),
  (E'n-us-hi', E'Hawaii'),
  (E'i-hm', E'Heard and McDonald Islands'),
  (E'a-cc-hp', E'Hebei Sheng (China)'),
  (E'a-cc-he', E'Heilongjiang Sheng (China)'),
  (E'a-cc-ho', E'Henan Sheng (China)'),
  (E'ah', E'Himalaya Mountains'),
  (E'nwhi', E'Hispaniola'),
  (E'ncho', E'Honduras'),
  (E'-a-hk', E'Hong Kong'),
  (E'a-cc-hk', E'Hong Kong (China)'),
  (E'a-cc-hh', E'Hubei Sheng (China)'),
  (E'n-cnh', E'Hudson Bay'),
  (E'a-cc-hu', E'Hunan Sheng (China)'),
  (E'e-hu', E'Hungary'),
  (E'-ei', E'Iberian Peninsula'),
  (E'e-ic', E'Iceland'),
  (E'n-us-id', E'Idaho'),
  (E'-f-if', E'Ifni'),
  (E'n-us-il', E'Illinois'),
  (E'a-ii', E'India'),
  (E'i', E'Indian Ocean'),
  (E'n-us-in', E'Indiana'),
  (E'ai', E'Indochina'),
  (E'a-io', E'Indonesia'),
  (E'a-cc-im', E'Inner Mongolia (China)'),
  (E'm', E'Intercontinental areas (Eastern Hemisphere)'),
  (E'c', E'Intercontinental areas (Western Hemisphere)'),
  (E'n-us-ia', E'Iowa'),
  (E'a-ir', E'Iran'),
  (E'a-iq', E'Iraq'),
  (E'-awiy', E'Iraq-Saudi Arabia Neutral Zone'),
  (E'e-ie', E'Ireland'),
  (E'e-im', E'Isle of Man'),
  (E'a-is', E'Israel'),
  (E'-awiw', E'Israel-Jordan Demilitarized Zones'),
  (E'-awiu', E'Israel-Syria Demilitarized Zones'),
  (E'e-it', E'Italy'),
  (E'nwjm', E'Jamaica'),
  (E'lnjn', E'Jan Mayen Island'),
  (E'a-ja', E'Japan'),
  (E'e-je', E'Jersey'),
  (E'a-cc-ku', E'Jiangsu Sheng (China)'),
  (E'a-cc-ki', E'Jiangxi Sheng (China)'),
  (E'a-cc-kr', E'Jilin Sheng (China)'),
  (E'poji', E'Johnston Island'),
  (E'a-jo', E'Jordan'),
  (E'zju', E'Jupiter'),
  (E'n-us-ks', E'Kansas'),
  (E'-e-ur-kz', E'Kazakhstan'),
  (E'a-kz', E'Kazakhstan'),
  (E'n-us-ky', E'Kentucky'),
  (E'f-ke', E'Kenya'),
  (E'poki', E'Kermadec Islands'),
  (E'pokb', E'Kiribati'),
  (E'a-kr', E'Korea'),
  (E'a-kn', E'Korea (North)'),
  (E'a-ko', E'Korea (South)'),
  (E'e-kv', E'Kosovo'),
  (E'a-cck', E'Kunlun Mountains (China and India)'),
  (E'a-ku', E'Kuwait'),
  (E'-e-ur-kg', E'Kyrgyzstan'),
  (E'a-kg', E'Kyrgyzstan'),
  (E'a-ls', E'Laos'),
  (E'cl', E'Latin America'),
  (E'e-lv', E'Latvia'),
  (E'-e-ur-lv', E'Latvia'),
  (E'a-le', E'Lebanon'),
  (E'nwli', E'Leeward Islands (West Indies)'),
  (E'f-lo', E'Lesotho'),
  (E'a-cc-lp', E'Liaoning Sheng (China)'),
  (E'f-lb', E'Liberia'),
  (E'f-ly', E'Libya'),
  (E'e-lh', E'Liechtenstein'),
  (E'poln', E'Line Islands'),
  (E'-e-ur-li', E'Lithuania'),
  (E'e-li', E'Lithuania'),
  (E'n-us-la', E'Louisiana'),
  (E'e-lu', E'Luxembourg'),
  (E'-a-mh', E'Macao'),
  (E'a-cc-mh', E'Macau (China : Special Administrative Region)'),
  (E'f-mg', E'Madagascar'),
  (E'lnma', E'Madeira Islands'),
  (E'n-us-me', E'Maine'),
  (E'f-mw', E'Malawi'),
  (E'am', E'Malaya'),
  (E'a-my', E'Malaysia'),
  (E'i-xc', E'Maldives'),
  (E'f-ml', E'Mali'),
  (E'e-mm', E'Malta'),
  (E'n-cn-mb', E'Manitoba'),
  (E'poxd', E'Mariana Islands'),
  (E'n-cnm', E'Maritime Provinces'),
  (E'zma', E'Mars'),
  (E'poxe', E'Marshall Islands'),
  (E'nwmq', E'Martinique'),
  (E'n-us-md', E'Maryland'),
  (E'n-us-ma', E'Massachusetts'),
  (E'f-mu', E'Mauritania'),
  (E'i-mf', E'Mauritius'),
  (E'i-my', E'Mayotte'),
  (E'mm', E'Mediterranean Region; Mediterranean Sea'),
  (E'ag', E'Mekong River'),
  (E'pome', E'Melanesia'),
  (E'zme', E'Mercury'),
  (E'n-mx', E'Mexico'),
  (E'nm', E'Mexico, Gulf of'),
  (E'n-us-mi', E'Michigan'),
  (E'pott', E'Micronesia'),
  (E'pomi', E'Micronesia (Federated States)'),
  (E'-cm', E'Middle America'),
  (E'n-usl', E'Middle Atlantic States'),
  (E'aw', E'Middle East'),
  (E'n-usc', E'Middle West'),
  (E'poxf', E'Midway Islands'),
  (E'n-us-mn', E'Minnesota'),
  (E'n-us-ms', E'Mississippi'),
  (E'n-usm', E'Mississippi River'),
  (E'n-us-mo', E'Missouri'),
  (E'n-uss', E'Missouri River'),
  (E'e-mv', E'Moldova'),
  (E'-e-ur-mv', E'Moldova'),
  (E'e-mc', E'Monaco'),
  (E'a-mp', E'Mongolia'),
  (E'n-us-mt', E'Montana'),
  (E'e-mo', E'Montenegro'),
  (E'nwmj', E'Montserrat'),
  (E'zmo', E'Moon'),
  (E'f-mr', E'Morocco'),
  (E'f-mz', E'Mozambique'),
  (E'f-sx', E'Namibia'),
  (E'ponu', E'Nauru'),
  (E'n-us-nb', E'Nebraska'),
  (E'a-np', E'Nepal'),
  (E'zne', E'Neptune'),
  (E'e-ne', E'Netherlands'),
  (E'-nwna', E'Netherlands Antilles'),
  (E'n-us-nv', E'Nevada'),
  (E'n-cn-nk', E'New Brunswick'),
  (E'ponl', E'New Caledonia'),
  (E'n-usn', E'New England'),
  (E'a-nw', E'New Guinea'),
  (E'n-us-nh', E'New Hampshire'),
  (E'n-us-nj', E'New Jersey'),
  (E'n-us-nm', E'New Mexico'),
  (E'u-at-ne', E'New South Wales'),
  (E'n-us-ny', E'New York'),
  (E'u-nz', E'New Zealand'),
  (E'n-cn-nf', E'Newfoundland and Labrador'),
  (E'ncnq', E'Nicaragua'),
  (E'f-ng', E'Niger'),
  (E'fi', E'Niger River'),
  (E'f-nr', E'Nigeria'),
  (E'fl', E'Nile River'),
  (E'a-cc-nn', E'Ningxia Huizu Zizhiqu (China)'),
  (E'poxh', E'Niue'),
  (E'n', E'North America'),
  (E'ln', E'North Atlantic Ocean'),
  (E'n-us-nc', E'North Carolina'),
  (E'n-us-nd', E'North Dakota'),
  (E'e-xn', E'North Macedonia'),
  (E'pn', E'North Pacific Ocean'),
  (E'n-use', E'Northeastern States'),
  (E'u-atn', E'Northern Australia'),
  (E'xb', E'Northern Hemisphere'),
  (E'e-uk-ni', E'Northern Ireland'),
  (E'u-at-no', E'Northern Territory'),
  (E'-n-usw', E'Northwest (U.S.)'),
  (E'n-cn-nt', E'Northwest Territories'),
  (E'e-no', E'Norway'),
  (E'n-cn-ns', E'Nova Scotia'),
  (E'n-cn-nu', E'Nunavut'),
  (E'po', E'Oceania'),
  (E'n-us-oh', E'Ohio'),
  (E'n-uso', E'Ohio River'),
  (E'-a-ok', E'Okinawa'),
  (E'n-us-ok', E'Oklahoma'),
  (E'a-mk', E'Oman'),
  (E'n-cn-on', E'Ontario'),
  (E'n-us-or', E'Oregon'),
  (E'zo', E'Outer space'),
  (E'p', E'Pacific Ocean'),
  (E'a-pk', E'Pakistan'),
  (E'popl', E'Palau'),
  (E'ncpn', E'Panama'),
  (E'a-pp', E'Papua New Guinea'),
  (E'aopf', E'Paracel Islands'),
  (E's-py', E'Paraguay'),
  (E'n-us-pa', E'Pennsylvania'),
  (E'ap', E'Persian Gulf'),
  (E's-pe', E'Peru'),
  (E'a-ph', E'Philippines'),
  (E'popc', E'Pitcairn Island'),
  (E'zpl', E'Pluto'),
  (E'e-pl', E'Poland'),
  (E'pops', E'Polynesia'),
  (E'e-po', E'Portugal'),
  (E'-a-pt', E'Portuguese Timor'),
  (E'n-cnp', E'Prairie Provinces'),
  (E'n-cn-pi', E'Prince Edward Island'),
  (E'nwpr', E'Puerto Rico'),
  (E'ep', E'Pyrenees'),
  (E'a-qa', E'Qatar'),
  (E'a-cc-ts', E'Qinghai Sheng (China)'),
  (E'n-cn-qu', E'Québec (Province)'),
  (E'u-at-qn', E'Queensland'),
  (E'mr', E'Red Sea'),
  (E'i-re', E'Réunion'),
  (E'er', E'Rhine River'),
  (E'n-us-ri', E'Rhode Island'),
  (E'sp', E'Rio de la Plata (Argentina and Uruguay)'),
  (E'nr', E'Rocky Mountains'),
  (E'e-rm', E'Romania'),
  (E'e-ru', E'Russia (Federation)'),
  (E'-e-ur-ru', E'Russia (Federation)'),
  (E'e-ur', E'Russia. Russian Empire. Soviet Union. Former Soviet Republics'),
  (E'e-urf', E'Russian Far East (Russia)'),
  (E'f-rw', E'Rwanda'),
  (E'-pory', E'Ryukyu Islands, Southern'),
  (E'nwsd', E'Saba'),
  (E'fd', E'Sahara'),
  (E'nwsc', E'Saint-Barthélemy'),
  (E'-nwsb', E'Saint-Barthélemy'),
  (E'nwst', E'Saint-Martin'),
  (E'lsxj', E'Saint Helena'),
  (E'nwxi', E'Saint Kitts and Nevis'),
  (E'nwxk', E'Saint Lucia'),
  (E'n-xl', E'Saint Pierre and Miquelon'),
  (E'nwxm', E'Saint Vincent and the Grenadines'),
  (E'pows', E'Samoa'),
  (E'posh', E'Samoan Islands'),
  (E'e-sm', E'San Marino'),
  (E'-posc', E'Santa Cruz Islands'),
  (E'f-sf', E'Sao Tome and Principe'),
  (E'n-cn-sn', E'Saskatchewan'),
  (E'zsa', E'Saturn'),
  (E'a-su', E'Saudi Arabia'),
  (E'ev', E'Scandinavia'),
  (E'e-uk-st', E'Scotland'),
  (E'f-sg', E'Senegal'),
  (E'e-rb', E'Serbia'),
  (E'e-yu', E'Serbia and Montenegro; Yugoslavia'),
  (E'i-se', E'Seychelles'),
  (E'a-cc-ss', E'Shaanxi Sheng (China)'),
  (E'a-cc-sp', E'Shandong Sheng (China)'),
  (E'a-cc-sm', E'Shanghai (China)'),
  (E'a-cc-sh', E'Shanxi Sheng (China)'),
  (E'e-urs', E'Siberia (Russia)'),
  (E'e-ure', E'Siberia, Eastern (Russia)'),
  (E'e-urw', E'Siberia, Western (Russia)'),
  (E'a-cc-sz', E'Sichuan Sheng (China)'),
  (E'f-sl', E'Sierra Leone'),
  (E'-a-sk', E'Sikkim'),
  (E'a-si', E'Singapore'),
  (E'nweu', E'Sint Eustatius'),
  (E'nwsn', E'Sint Maarten'),
  (E'e-xo', E'Slovakia'),
  (E'e-xv', E'Slovenia'),
  (E'-i-xo', E'Socotra Island'),
  (E'zs', E'Solar system'),
  (E'-posn', E'Solomon Islands'),
  (E'pobp', E'Solomon Islands'),
  (E'f-so', E'Somalia'),
  (E'f-sa', E'South Africa'),
  (E's', E'South America'),
  (E'az', E'South Asia'),
  (E'ls', E'South Atlantic Ocean'),
  (E'u-at-sa', E'South Australia'),
  (E'n-us-sc', E'South Carolina'),
  (E'ao', E'South China Sea'),
  (E'n-us-sd', E'South Dakota'),
  (E'lsxs', E'South Georgia and South Sandwich Islands'),
  (E'ps', E'South Pacific Ocean'),
  (E'f-sd', E'South Sudan'),
  (E'as', E'Southeast Asia'),
  (E'xc', E'Southern Hemisphere'),
  (E'n-usu', E'Southern States'),
  (E'n-ust', E'Southwest, New'),
  (E'-e-uro', E'Soviet Central Asia'),
  (E'e-urn', E'Soviet Union, Northwestern'),
  (E'e-sp', E'Spain'),
  (E'f-sh', E'Spanish North Africa'),
  (E'aoxp', E'Spratly Islands'),
  (E'a-ce', E'Sri Lanka'),
  (E'f-sj', E'Sudan'),
  (E'fn', E'Sudan (Region)'),
  (E'fu', E'Suez Canal (Egypt)'),
  (E'zsu', E'Sun');


/* Data for the 'lc.t840ar01' table  (Records 501 - 588) */

INSERT INTO lc.t840ar01 ("marc", "caption")
VALUES 
  (E's-sr', E'Suriname'),
  (E'lnsb', E'Svalbard (Norway)'),
  (E'nwsv', E'Swan Islands (Honduras)'),
  (E'e-sw', E'Sweden'),
  (E'e-sz', E'Switzerland'),
  (E'a-sy', E'Syria'),
  (E'a-ch', E'Taiwan'),
  (E'a-ta', E'Tajikistan'),
  (E'-e-ur-ta', E'Tajikistan'),
  (E'f-tz', E'Tanzania'),
  (E'u-at-tm', E'Tasmania'),
  (E'n-us-tn', E'Tennessee'),
  (E'i-fs', E'Terres australes et antarctiques françaises'),
  (E'n-us-tx', E'Texas'),
  (E'a-th', E'Thailand'),
  (E'af', E'Thailand, Gulf of'),
  (E'a-cc-tn', E'Tianjin (China)'),
  (E'a-cc-ti', E'Tibet (China)'),
  (E'at', E'Tien Shan'),
  (E'a-em', E'Timor-Leste'),
  (E'f-tg', E'Togo'),
  (E'potl', E'Tokelau'),
  (E'poto', E'Tonga'),
  (E'nwtr', E'Trinidad and Tobago'),
  (E'lstd', E'Tristan da Cunha'),
  (E'w', E'Tropics'),
  (E'f-ti', E'Tunisia'),
  (E'a-tu', E'Turkey'),
  (E'a-tk', E'Turkmenistan'),
  (E'-e-ur-tk', E'Turkmenistan'),
  (E'nwtc', E'Turks and Caicos Islands'),
  (E'potv', E'Tuvalu'),
  (E'f-ug', E'Uganda'),
  (E'-e-ur-un', E'Ukraine'),
  (E'e-un', E'Ukraine'),
  (E'a-ts', E'United Arab Emirates'),
  (E'n-us', E'United States'),
  (E'nwuc', E'United States Miscellaneous Caribbean Islands'),
  (E'poup', E'United States Miscellaneous Pacific Islands'),
  (E'e-uru', E'Ural Mountains (Russia)'),
  (E'zur', E'Uranus'),
  (E's-uy', E'Uruguay'),
  (E'n-us-ut', E'Utah'),
  (E'a-uz', E'Uzbekistan'),
  (E'-e-ur-uz', E'Uzbekistan'),
  (E'ponn', E'Vanuatu'),
  (E'e-vc', E'Vatican City'),
  (E's-ve', E'Venezuela'),
  (E'zve', E'Venus'),
  (E'n-us-vt', E'Vermont'),
  (E'u-at-vi', E'Victoria'),
  (E'-a-vn', E'Viet Nam, North'),
  (E'-a-vs', E'Viet Nam, South'),
  (E'a-vt', E'Vietnam'),
  (E'-nwvr', E'Virgin Islands'),
  (E'nwvi', E'Virgin Islands of the United States'),
  (E'n-us-va', E'Virginia'),
  (E'e-urp', E'Volga River (Russia)'),
  (E'-e-urv', E'Volgo-Viatskii Region, RSFSR'),
  (E'fv', E'Volta River (Ghana)'),
  (E'powk', E'Wake Island'),
  (E'e-uk-wl', E'Wales'),
  (E'powf', E'Wallis and Futuna Islands'),
  (E'n-us-dc', E'Washington (D.C.)'),
  (E'n-us-wa', E'Washington (State)'),
  (E'n-usp', E'West (U.S.)'),
  (E'awba', E'West Bank'),
  (E'nw', E'West Indies'),
  (E'n-us-wv', E'West Virginia'),
  (E'u-at-we', E'Western Australia'),
  (E'xd', E'Western Hemisphere'),
  (E'f-ss', E'Western Sahara'),
  (E'nwwi', E'Windward Islands (West Indies)'),
  (E'n-us-wi', E'Wisconsin'),
  (E'n-us-wy', E'Wyoming'),
  (E'a-ccs', E'Xi River (China)'),
  (E'a-cc-su', E'Xinjiang Uygur Zizhiqu (China)'),
  (E'a-ccg', E'Yangtze River (China)'),
  (E'a-ccy', E'Yellow River (China)'),
  (E'ay', E'Yellow Sea'),
  (E'-a-ys', E'Yemen (People''s Democratic Republic)'),
  (E'a-ye', E'Yemen (Republic)'),
  (E'n-cn-yk', E'Yukon Territory'),
  (E'a-cc-yu', E'Yunnan Sheng (China)'),
  (E'fz', E'Zambezi River'),
  (E'f-za', E'Zambia'),
  (E'a-cc-ch', E'Zhejiang Sheng (China)'),
  (E'f-rh', E'Zimbabwe');

/* Data for the 'lc.t840ar03' table  (Records 1 - 309) */

INSERT INTO lc.t840ar03 ("edgar", "caption", "artp", "actv")
VALUES 
  (E'AK', E'ALASKA', 1, True),
  (E'AL', E'ALABAMA', 1, True),
  (E'AR', E'ARKANSAS', 1, True),
  (E'AZ', E'ARIZONA', 1, True),
  (E'CA', E'CALIFORNIA', 1, True),
  (E'CO', E'COLORADO', 1, True),
  (E'CT', E'CONNECTICUT', 1, True),
  (E'DC', E'DISTRICT OF COLUMBIA', 1, True),
  (E'DE', E'DELAWARE', 1, True),
  (E'FL', E'FLORIDA', 1, True),
  (E'GA', E'GEORGIA', 1, True),
  (E'HI', E'HAWAII', 1, True),
  (E'IA', E'IOWA', 1, True),
  (E'ID', E'IDAHO', 1, True),
  (E'IL', E'ILLINOIS', 1, True),
  (E'IN', E'INDIANA', 1, True),
  (E'KS', E'KANSAS', 1, True),
  (E'KY', E'KENTUCKY', 1, True),
  (E'LA', E'LOUISIANA', 1, True),
  (E'MA', E'MASSACHUSETTS', 1, True),
  (E'MD', E'MARYLAND', 1, True),
  (E'ME', E'MAINE', 1, True),
  (E'MI', E'MICHIGAN', 1, True),
  (E'MN', E'MINNESOTA', 1, True),
  (E'MO', E'MISSOURI', 1, True),
  (E'MS', E'MISSISSIPPI', 1, True),
  (E'MT', E'MONTANA', 1, True),
  (E'NC', E'NORTH CAROLINA', 1, True),
  (E'ND', E'NORTH DAKOTA', 1, True),
  (E'NE', E'NEBRASKA', 1, True),
  (E'NH', E'NEW HAMPSHIRE', 1, True),
  (E'NJ', E'NEW JERSEY', 1, True),
  (E'NM', E'NEW MEXICO', 1, True),
  (E'NV', E'NEVADA', 1, True),
  (E'NY', E'NEW YORK', 1, True),
  (E'OH', E'OHIO', 1, True),
  (E'OK', E'OKLAHOMA', 1, True),
  (E'OR', E'OREGON', 1, True),
  (E'PA', E'PENNSYLVANIA', 1, True),
  (E'RI', E'RHODE ISLAND', 1, True),
  (E'SC', E'SOUTH CAROLINA', 1, True),
  (E'SD', E'SOUTH DAKOTA', 1, True),
  (E'TN', E'TENNESSEE', 1, True),
  (E'TX', E'TEXAS', 1, True),
  (E'UT', E'UTAH', 1, True),
  (E'VA', E'VIRGINIA', 1, True),
  (E'VT', E'VERMONT', 1, True),
  (E'WA', E'WASHINGTON', 1, True),
  (E'WI', E'WISCONSIN', 1, True),
  (E'WV', E'WEST VIRGINIA', 1, True),
  (E'WY', E'WYOMING', 1, True),
  (E'A0', E'ALBERTA', 2, True),
  (E'A1', E'BRITISH COLUMBIA', 2, True),
  (E'A2', E'MANITOBA', 2, True),
  (E'A3', E'NEW BRUNSWICK', 2, True),
  (E'A4', E'NEWFOUNDLAND', 2, True),
  (E'A5', E'NOVA SCOTIA', 2, True),
  (E'A6', E'ONTARIO', 2, True),
  (E'A7', E'PRINCE EDWARD ISLAND', 2, True),
  (E'A8', E'QUEBEC', 2, True),
  (E'A9', E'SASKATCHEWAN', 2, True),
  (E'B0', E'YUKON', 2, True),
  (E'1A', E'ANGUILLA', 3, True),
  (E'1B', E'ARMENIA', 3, True),
  (E'1C', E'ARUBA', 3, True),
  (E'1D', E'AZERBAIJAN', 3, True),
  (E'1E', E'BOSNIA AND HERZEGOVINA', 3, True),
  (E'1F', E'BELARUS', 3, True),
  (E'1G', E'DJIBOUTI', 3, True),
  (E'1H', E'ESTONIA', 3, True),
  (E'1J', E'ERITREA', 3, True),
  (E'1K', E'MICRONESIA, FEDERATED STATES OF', 3, True),
  (E'1L', E'SOUTH GEORGIA AND THE SOUTH SANDWICH ISLANDS', 3, True),
  (E'1M', E'CROATIA', 3, True),
  (E'1N', E'KYRGYZSTAN', 3, True),
  (E'1P', E'KAZAKSTAN', 3, True),
  (E'1Q', E'LITHUANIA', 3, True),
  (E'1R', E'LATVIA', 3, True),
  (E'1S', E'MOLDOVA, REPUBLIC OF', 3, True),
  (E'1T', E'MARSHALL ISLANDS', 3, True),
  (E'1U', E'MACEDONIA, THE FORMER YUGOSLAV REPUBLIC OF', 3, True),
  (E'1V', E'NORTHERN MARIANA ISLANDS', 3, True),
  (E'1W', E'NEW CALEDONIA', 3, True),
  (E'1X', E'PALESTINIAN TERRITORY, OCCUPIED', 3, True),
  (E'1Y', E'PALAU', 3, True),
  (E'1Z', E'RUSSIAN FEDERATION', 3, True),
  (E'2A', E'SLOVENIA', 3, True),
  (E'2B', E'SLOVAKIA', 3, True),
  (E'2C', E'FRENCH SOUTHERN TERRITORIES', 3, True),
  (E'2D', E'TAJIKISTAN', 3, True),
  (E'2E', E'TURKMENISTAN', 3, True),
  (E'2G', E'TUVALU', 3, True),
  (E'2H', E'UKRAINE', 3, True),
  (E'2J', E'UNITED STATES MINOR OUTLYING ISLANDS', 3, True),
  (E'2K', E'UZBEKISTAN', 3, True),
  (E'2L', E'VANUATU', 3, True),
  (E'2M', E'GERMANY', 3, True),
  (E'2N', E'CZECH REPUBLIC', 3, True),
  (E'2P', E'MAYOTTE', 3, True),
  (E'2Q', E'GEORGIA', 3, True),
  (E'B1', E'BOTSWANA', 3, True),
  (E'B2', E'AFGHANISTAN', 3, True),
  (E'B3', E'ALBANIA', 3, True),
  (E'B4', E'ALGERIA', 3, True),
  (E'B5', E'AMERICAN SAMOA', 3, True),
  (E'B6', E'ANDORRA', 3, True),
  (E'B7', E'ANGOLA', 3, True),
  (E'B8', E'ANTARCTICA', 3, True),
  (E'B9', E'ANTIGUA AND BARBUDA', 3, True),
  (E'C0', E'UNITED ARAB EMIRATES', 3, True),
  (E'C1', E'ARGENTINA', 3, True),
  (E'C3', E'AUSTRALIA', 3, True),
  (E'C4', E'AUSTRIA', 3, True),
  (E'C5', E'BAHAMAS', 3, True),
  (E'C6', E'BAHRAIN', 3, True),
  (E'C7', E'BANGLADESH', 3, True),
  (E'C8', E'BARBADOS', 3, True),
  (E'C9', E'BELGIUM', 3, True),
  (E'D0', E'BERMUDA', 3, True),
  (E'D1', E'BELIZE', 3, True),
  (E'D2', E'BHUTAN', 3, True),
  (E'D3', E'BOLIVIA', 3, True),
  (E'D4', E'BOUVET ISLAND', 3, True),
  (E'D5', E'BRAZIL', 3, True),
  (E'D6', E'BRITISH INDIAN OCEAN TERRITORY', 3, True),
  (E'D7', E'SOLOMON ISLANDS', 3, True),
  (E'D8', E'VIRGIN ISLANDS, BRITISH', 3, True),
  (E'D9', E'BRUNEI DARUSSALAM', 3, True),
  (E'E0', E'BULGARIA', 3, True),
  (E'E1', E'MYANMAR', 3, True),
  (E'E2', E'BURUNDI', 3, True),
  (E'E3', E'CAMBODIA', 3, True),
  (E'E4', E'CAMEROON', 3, True),
  (E'E8', E'CAPE VERDE', 3, True),
  (E'E9', E'CAYMAN ISLANDS', 3, True),
  (E'F0', E'CENTRAL AFRICAN REPUBLIC', 3, True),
  (E'F1', E'SRI LANKA', 3, True),
  (E'F2', E'CHAD', 3, True),
  (E'F3', E'CHILE', 3, True),
  (E'F4', E'CHINA', 3, True),
  (E'F5', E'TAIWAN', 3, True),
  (E'F6', E'CHRISTMAS ISLAND', 3, True),
  (E'F7', E'COCOS (KEELING) ISLANDS', 3, True),
  (E'F8', E'COLOMBIA', 3, True),
  (E'F9', E'COMOROS', 3, True),
  (E'G0', E'CONGO', 3, True),
  (E'G1', E'COOK ISLANDS', 3, True),
  (E'G2', E'COSTA RICA', 3, True),
  (E'G3', E'CUBA', 3, True),
  (E'G4', E'CYPRUS', 3, True),
  (E'G6', E'BENIN', 3, True),
  (E'G7', E'DENMARK', 3, True),
  (E'G8', E'DOMINICAN REPUBLIC', 3, True),
  (E'G9', E'DOMINICA', 3, True),
  (E'GU', E'GUAM', 3, True),
  (E'H1', E'ECUADOR', 3, True),
  (E'H2', E'EGYPT', 3, True),
  (E'H3', E'EL SALVADOR', 3, True),
  (E'H4', E'EQUATORIAL GUINEA', 3, True),
  (E'H5', E'ETHIOPIA', 3, True),
  (E'H6', E'FAROE ISLANDS', 3, True),
  (E'H7', E'FALKLAND ISLANDS (MALVINAS)', 3, True),
  (E'H8', E'FIJI', 3, True),
  (E'H9', E'FINLAND', 3, True),
  (E'I0', E'FRANCE', 3, True),
  (E'I3', E'FRENCH GUIANA', 3, True),
  (E'I4', E'FRENCH POLYNESIA', 3, True),
  (E'I5', E'GABON', 3, True),
  (E'I6', E'GAMBIA', 3, True),
  (E'J0', E'GHANA', 3, True),
  (E'J1', E'GIBRALTAR', 3, True),
  (E'J2', E'KIRIBATI', 3, True),
  (E'J3', E'GREECE', 3, True),
  (E'J4', E'GREENLAND', 3, True),
  (E'J5', E'GRENADA', 3, True),
  (E'J6', E'GUADELOUPE', 3, True),
  (E'J8', E'GUATEMALA', 3, True),
  (E'J9', E'GUINEA', 3, True),
  (E'K0', E'GUYANA', 3, True),
  (E'K1', E'HAITI', 3, True),
  (E'K2', E'HONDURAS', 3, True),
  (E'K3', E'HONG KONG', 3, True),
  (E'K4', E'HEARD ISLAND AND MCDONALD ISLANDS', 3, True),
  (E'K5', E'HUNGARY', 3, True),
  (E'K6', E'ICELAND', 3, True),
  (E'K7', E'INDIA', 3, True),
  (E'K8', E'INDONESIA', 3, True),
  (E'K9', E'IRAN, ISLAMIC REPUBLIC OF', 3, True),
  (E'L0', E'IRAQ', 3, True),
  (E'L2', E'IRELAND', 3, True),
  (E'L3', E'ISRAEL', 3, True),
  (E'L6', E'ITALY', 3, True),
  (E'L7', E'COTE D''IVOIRE', 3, True),
  (E'L8', E'JAMAICA', 3, True),
  (E'L9', E'SVALBARD AND JAN MAYEN', 3, True),
  (E'M0', E'JAPAN', 3, True),
  (E'M2', E'JORDAN', 3, True),
  (E'M3', E'KENYA', 3, True),
  (E'M4', E'KOREA, DEMOCRATIC PEOPLE''S REPUBLIC OF', 3, True),
  (E'M5', E'KOREA, REPUBLIC OF', 3, True),
  (E'M6', E'KUWAIT', 3, True),
  (E'M7', E'LAO PEOPLE''S DEMOCRATIC REPUBLIC', 3, True),
  (E'M8', E'LEBANON', 3, True),
  (E'M9', E'LESOTHO', 3, True),
  (E'N0', E'LIBERIA', 3, True),
  (E'N1', E'LIBYAN ARAB JAMAHIRIYA', 3, True),
  (E'N2', E'LIECHTENSTEIN', 3, True),
  (E'N4', E'LUXEMBOURG', 3, True),
  (E'N5', E'MACAU', 3, True),
  (E'N6', E'MADAGASCAR', 3, True),
  (E'N7', E'MALAWI', 3, True),
  (E'N8', E'MALAYSIA', 3, True),
  (E'N9', E'MALDIVES', 3, True),
  (E'O0', E'MALI', 3, True),
  (E'O1', E'MALTA', 3, True),
  (E'O2', E'MARTINIQUE', 3, True),
  (E'O3', E'MAURITANIA', 3, True),
  (E'O4', E'MAURITIUS', 3, True),
  (E'O5', E'MEXICO', 3, True),
  (E'O9', E'MONACO', 3, True),
  (E'P0', E'MONGOLIA', 3, True),
  (E'P1', E'MONTSERRAT', 3, True),
  (E'P2', E'MOROCCO', 3, True),
  (E'P3', E'MOZAMBIQUE', 3, True),
  (E'P4', E'OMAN', 3, True),
  (E'P5', E'NAURU', 3, True),
  (E'P6', E'NEPAL', 3, True),
  (E'P7', E'NETHERLANDS', 3, True),
  (E'P8', E'NETHERLANDS ANTILLES', 3, True),
  (E'PR', E'PUERTO RICO', 3, True),
  (E'Q1', E'VIET NAM', 3, True),
  (E'Q2', E'NEW ZEALAND', 3, True),
  (E'Q3', E'NICARAGUA', 3, True),
  (E'Q4', E'NIGER', 3, True),
  (E'Q5', E'NIGERIA', 3, True),
  (E'Q6', E'NIUE', 3, True),
  (E'Q7', E'NORFOLK ISLAND', 3, True),
  (E'Q8', E'NORWAY', 3, True),
  (E'R0', E'PAKISTAN', 3, True),
  (E'R1', E'PANAMA', 3, True),
  (E'R2', E'PAPUA NEW GUINEA', 3, True),
  (E'R4', E'PARAGUAY', 3, True),
  (E'R5', E'PERU', 3, True),
  (E'R6', E'PHILIPPINES', 3, True),
  (E'R8', E'PITCAIRN', 3, True),
  (E'R9', E'POLAND', 3, True),
  (E'S0', E'GUINEA-BISSAU', 3, True),
  (E'S1', E'PORTUGAL', 3, True),
  (E'S3', E'QATAR', 3, True),
  (E'S4', E'REUNION', 3, True),
  (E'S5', E'ROMANIA', 3, True),
  (E'S6', E'RWANDA', 3, True),
  (E'S8', E'SAN MARINO', 3, True),
  (E'S9', E'SAO TOME AND PRINCIPE', 3, True),
  (E'T0', E'SAUDI ARABIA', 3, True),
  (E'T1', E'SENEGAL', 3, True),
  (E'T2', E'SEYCHELLES', 3, True),
  (E'T3', E'SOUTH AFRICA', 3, True),
  (E'T6', E'NAMIBIA', 3, True),
  (E'T7', E'YEMEN', 3, True),
  (E'T8', E'SIERRA LEONE', 3, True),
  (E'U0', E'SINGAPORE', 3, True),
  (E'U1', E'SOMALIA', 3, True),
  (E'U3', E'SPAIN', 3, True),
  (E'U5', E'WESTERN SAHARA', 3, True),
  (E'U7', E'SAINT KITTS AND NEVIS', 3, True),
  (E'U8', E'SAINT HELENA', 3, True),
  (E'U9', E'SAINT LUCIA', 3, True),
  (E'V0', E'SAINT PIERRE AND MIQUELON', 3, True),
  (E'V1', E'SAINT VINCENT AND THE GRENADINES', 3, True),
  (E'V2', E'SUDAN', 3, True),
  (E'V3', E'SURINAME', 3, True),
  (E'V6', E'SWAZILAND', 3, True),
  (E'V7', E'SWEDEN', 3, True),
  (E'V8', E'SWITZERLAND', 3, True),
  (E'V9', E'SYRIAN ARAB REPUBLIC', 3, True),
  (E'VI', E'VIRGIN ISLANDS, U.S.', 3, True),
  (E'W0', E'TANZANIA, UNITED REPUBLIC OF', 3, True),
  (E'W1', E'THAILAND', 3, True),
  (E'W2', E'TOGO', 3, True),
  (E'W3', E'TOKELAU', 3, True),
  (E'W4', E'TONGA', 3, True),
  (E'W5', E'TRINIDAD AND TOBAGO', 3, True),
  (E'W6', E'TUNISIA', 3, True),
  (E'W7', E'TURKS AND CAICOS ISLANDS', 3, True),
  (E'W8', E'TURKEY', 3, True),
  (E'W9', E'UGANDA', 3, True),
  (E'X0', E'UNITED KINGDOM', 3, True),
  (E'X1', E'UNITED STATES', 3, True),
  (E'X2', E'BURKINA FASO', 3, True),
  (E'X3', E'URUGUAY', 3, True),
  (E'X4', E'HOLY SEE (VATICAN CITY STATE)', 3, True),
  (E'X5', E'VENEZUELA', 3, True),
  (E'X8', E'WALLIS AND FUTUNA', 3, True),
  (E'Y0', E'SAMOA', 3, True),
  (E'Y3', E'CONGO, THE DEMOCRATIC REPUBLIC OF THE', 3, True),
  (E'Y4', E'ZAMBIA', 3, True),
  (E'Y5', E'ZIMBABWE', 3, True),
  (E'Y6', E'ALAND ISLANDS', 3, True),
  (E'Y7', E'GUERNSEY', 3, True),
  (E'Y8', E'ISLE OF MAN', 3, True),
  (E'Y9', E'JERSEY', 3, True),
  (E'Z0', E'SAINT BARTHELEMY', 3, True),
  (E'Z1', E'SAINT MARTIN', 3, True),
  (E'Z2', E'SERBIA', 3, True),
  (E'Z3', E'TIMOR-LESTE', 3, True),
  (E'Z4', E'CANADA', 3, True),
  (E'Z5', E'MONTENEGRO', 3, True),
  (E'XX', E'UNKNOWN', 4, True);
